Created by PLY version 3.11 (http://www.dabeaz.com/ply)

Grammar

Rule 0     S' -> program
Rule 1     program -> PROGRAM ID declarations_opt statements END function_defs_opt
Rule 2     empty -> <empty>
Rule 3     function_defs_opt -> function_defs
Rule 4     function_defs_opt -> empty
Rule 5     function_defs -> function_defs function_def
Rule 6     function_defs -> function_def
Rule 7     statements -> statements statement
Rule 8     statements -> statement
Rule 9     statement -> assignment
Rule 10    statement -> print_stmt
Rule 11    statement -> read_stmt
Rule 12    statement -> call_stmt
Rule 13    statement -> if_stmt
Rule 14    statement -> do_stmt
Rule 15    statement -> goto_stmt
Rule 16    statement -> label_stmt
Rule 17    statement -> continue_stmt
Rule 18    statement -> return_stmt
Rule 19    declarations_opt -> declarations_opt declaration
Rule 20    declarations_opt -> empty
Rule 21    declaration -> type declarator_list
Rule 22    type -> INTEGER
Rule 23    type -> REAL
Rule 24    type -> LOGICAL
Rule 25    declarator_list -> declarator_list COMMA declarator
Rule 26    declarator_list -> declarator
Rule 27    id_list -> declarator_list
Rule 28    declarator -> ID
Rule 29    declarator -> ID LPAREN NUMBER RPAREN
Rule 30    print_stmt -> PRINT TIMES COMMA expression_list
Rule 31    read_stmt -> READ TIMES COMMA varref_list
Rule 32    varref_list -> varref_list COMMA varref
Rule 33    varref_list -> varref
Rule 34    varref -> ID
Rule 35    varref -> ID LPAREN expression_list RPAREN
Rule 36    expression_list -> expression_list COMMA expression
Rule 37    expression_list -> expression
Rule 38    assignment -> varref EQUALS expression
Rule 39    goto_stmt -> GOTO NUMBER
Rule 40    label_stmt -> NUMBER statement
Rule 41    continue_stmt -> CONTINUE
Rule 42    return_stmt -> RETURN
Rule 43    call_stmt -> CALL ID LPAREN empty RPAREN
Rule 44    call_stmt -> CALL ID LPAREN expression_list RPAREN
Rule 45    if_stmt -> IF LPAREN expression RPAREN THEN statements endif
Rule 46    if_stmt -> IF LPAREN expression RPAREN THEN statements ELSE statements endif
Rule 47    endif -> ENDIF
Rule 48    endif -> END
Rule 49    do_stmt -> DO NUMBER ID EQUALS expression COMMA expression
Rule 50    do_stmt -> DO NUMBER ID EQUALS expression COMMA expression COMMA expression
Rule 51    function_def -> type FUNCTION ID LPAREN param_list RPAREN declarations_opt function_items END
Rule 52    subroutine_def -> SUBROUTINE ID LPAREN param_list RPAREN declarations_opt function_items END
Rule 53    param_list -> id_list
Rule 54    param_list -> empty
Rule 55    function_items -> function_items function_item
Rule 56    function_items -> function_item
Rule 57    function_defs -> function_defs subroutine_def
Rule 58    function_defs -> subroutine_def
Rule 59    function_item -> statement
Rule 60    expression -> expression PLUS expression
Rule 61    expression -> expression MINUS expression
Rule 62    expression -> expression TIMES expression
Rule 63    expression -> expression DIVIDE expression
Rule 64    expression -> expression POWER expression
Rule 65    expression -> expression EQ expression
Rule 66    expression -> expression NE expression
Rule 67    expression -> expression LT expression
Rule 68    expression -> expression LE expression
Rule 69    expression -> expression GT expression
Rule 70    expression -> expression GE expression
Rule 71    expression -> expression AND expression
Rule 72    expression -> expression OR expression
Rule 73    expression -> MINUS expression
Rule 74    expression -> NOT expression
Rule 75    expression -> LPAREN expression RPAREN
Rule 76    expression -> ID
Rule 77    expression -> ID LPAREN expression_list RPAREN
Rule 78    expression -> REAL LPAREN expression_list RPAREN
Rule 79    expression -> INTEGER LPAREN expression_list RPAREN
Rule 80    expression -> literal
Rule 81    literal -> NUMBER
Rule 82    literal -> STRING
Rule 83    literal -> TRUE
Rule 84    literal -> FALSE

Terminals, with rules where they appear

AND                  : 71
CALL                 : 43 44
COMMA                : 25 30 31 32 36 49 50 50
CONTINUE             : 41
DIVIDE               : 63
DO                   : 49 50
ELSE                 : 46
END                  : 1 48 51 52
ENDIF                : 47
EQ                   : 65
EQUALS               : 38 49 50
FALSE                : 84
FUNCTION             : 51
GE                   : 70
GOTO                 : 39
GT                   : 69
ID                   : 1 28 29 34 35 43 44 49 50 51 52 76 77
IF                   : 45 46
INTEGER              : 22 79
LE                   : 68
LOGICAL              : 24
LPAREN               : 29 35 43 44 45 46 51 52 75 77 78 79
LT                   : 67
MINUS                : 61 73
NE                   : 66
NOT                  : 74
NUMBER               : 29 39 40 49 50 81
OR                   : 72
PLUS                 : 60
POWER                : 64
PRINT                : 30
PROGRAM              : 1
READ                 : 31
REAL                 : 23 78
RETURN               : 42
RPAREN               : 29 35 43 44 45 46 51 52 75 77 78 79
STRING               : 82
SUBROUTINE           : 52
THEN                 : 45 46
TIMES                : 30 31 62
TRUE                 : 83
error                : 

Nonterminals, with rules where they appear

assignment           : 9
call_stmt            : 12
continue_stmt        : 17
declaration          : 19
declarations_opt     : 1 19 51 52
declarator           : 25 26
declarator_list      : 21 25 27
do_stmt              : 14
empty                : 4 20 43 54
endif                : 45 46
expression           : 36 37 38 45 46 49 49 50 50 50 60 60 61 61 62 62 63 63 64 64 65 65 66 66 67 67 68 68 69 69 70 70 71 71 72 72 73 74 75
expression_list      : 30 35 36 44 77 78 79
function_def         : 5 6
function_defs        : 3 5 57
function_defs_opt    : 1
function_item        : 55 56
function_items       : 51 52 55
goto_stmt            : 15
id_list              : 53
if_stmt              : 13
label_stmt           : 16
literal              : 80
param_list           : 51 52
print_stmt           : 10
program              : 0
read_stmt            : 11
return_stmt          : 18
statement            : 7 8 40 59
statements           : 1 7 45 46 46
subroutine_def       : 57 58
type                 : 21 51
varref               : 32 33 38
varref_list          : 31 32

Parsing method: LALR

state 0

    (0) S' -> . program
    (1) program -> . PROGRAM ID declarations_opt statements END function_defs_opt

    PROGRAM         shift and go to state 2

    program                        shift and go to state 1

state 1

    (0) S' -> program .



state 2

    (1) program -> PROGRAM . ID declarations_opt statements END function_defs_opt

    ID              shift and go to state 3


state 3

    (1) program -> PROGRAM ID . declarations_opt statements END function_defs_opt
    (19) declarations_opt -> . declarations_opt declaration
    (20) declarations_opt -> . empty
    (2) empty -> .

    INTEGER         reduce using rule 2 (empty -> .)
    REAL            reduce using rule 2 (empty -> .)
    LOGICAL         reduce using rule 2 (empty -> .)
    PRINT           reduce using rule 2 (empty -> .)
    READ            reduce using rule 2 (empty -> .)
    CALL            reduce using rule 2 (empty -> .)
    IF              reduce using rule 2 (empty -> .)
    DO              reduce using rule 2 (empty -> .)
    GOTO            reduce using rule 2 (empty -> .)
    NUMBER          reduce using rule 2 (empty -> .)
    CONTINUE        reduce using rule 2 (empty -> .)
    RETURN          reduce using rule 2 (empty -> .)
    ID              reduce using rule 2 (empty -> .)

    declarations_opt               shift and go to state 4
    empty                          shift and go to state 5

state 4

    (1) program -> PROGRAM ID declarations_opt . statements END function_defs_opt
    (19) declarations_opt -> declarations_opt . declaration
    (7) statements -> . statements statement
    (8) statements -> . statement
    (21) declaration -> . type declarator_list
    (9) statement -> . assignment
    (10) statement -> . print_stmt
    (11) statement -> . read_stmt
    (12) statement -> . call_stmt
    (13) statement -> . if_stmt
    (14) statement -> . do_stmt
    (15) statement -> . goto_stmt
    (16) statement -> . label_stmt
    (17) statement -> . continue_stmt
    (18) statement -> . return_stmt
    (22) type -> . INTEGER
    (23) type -> . REAL
    (24) type -> . LOGICAL
    (38) assignment -> . varref EQUALS expression
    (30) print_stmt -> . PRINT TIMES COMMA expression_list
    (31) read_stmt -> . READ TIMES COMMA varref_list
    (43) call_stmt -> . CALL ID LPAREN empty RPAREN
    (44) call_stmt -> . CALL ID LPAREN expression_list RPAREN
    (45) if_stmt -> . IF LPAREN expression RPAREN THEN statements endif
    (46) if_stmt -> . IF LPAREN expression RPAREN THEN statements ELSE statements endif
    (49) do_stmt -> . DO NUMBER ID EQUALS expression COMMA expression
    (50) do_stmt -> . DO NUMBER ID EQUALS expression COMMA expression COMMA expression
    (39) goto_stmt -> . GOTO NUMBER
    (40) label_stmt -> . NUMBER statement
    (41) continue_stmt -> . CONTINUE
    (42) return_stmt -> . RETURN
    (34) varref -> . ID
    (35) varref -> . ID LPAREN expression_list RPAREN

    INTEGER         shift and go to state 21
    REAL            shift and go to state 22
    LOGICAL         shift and go to state 23
    PRINT           shift and go to state 25
    READ            shift and go to state 26
    CALL            shift and go to state 27
    IF              shift and go to state 28
    DO              shift and go to state 29
    GOTO            shift and go to state 31
    NUMBER          shift and go to state 30
    CONTINUE        shift and go to state 32
    RETURN          shift and go to state 33
    ID              shift and go to state 6

    statements                     shift and go to state 7
    declaration                    shift and go to state 8
    statement                      shift and go to state 9
    type                           shift and go to state 10
    assignment                     shift and go to state 11
    print_stmt                     shift and go to state 12
    read_stmt                      shift and go to state 13
    call_stmt                      shift and go to state 14
    if_stmt                        shift and go to state 15
    do_stmt                        shift and go to state 16
    goto_stmt                      shift and go to state 17
    label_stmt                     shift and go to state 18
    continue_stmt                  shift and go to state 19
    return_stmt                    shift and go to state 20
    varref                         shift and go to state 24

state 5

    (20) declarations_opt -> empty .

    INTEGER         reduce using rule 20 (declarations_opt -> empty .)
    REAL            reduce using rule 20 (declarations_opt -> empty .)
    LOGICAL         reduce using rule 20 (declarations_opt -> empty .)
    PRINT           reduce using rule 20 (declarations_opt -> empty .)
    READ            reduce using rule 20 (declarations_opt -> empty .)
    CALL            reduce using rule 20 (declarations_opt -> empty .)
    IF              reduce using rule 20 (declarations_opt -> empty .)
    DO              reduce using rule 20 (declarations_opt -> empty .)
    GOTO            reduce using rule 20 (declarations_opt -> empty .)
    NUMBER          reduce using rule 20 (declarations_opt -> empty .)
    CONTINUE        reduce using rule 20 (declarations_opt -> empty .)
    RETURN          reduce using rule 20 (declarations_opt -> empty .)
    ID              reduce using rule 20 (declarations_opt -> empty .)


state 6

    (34) varref -> ID .
    (35) varref -> ID . LPAREN expression_list RPAREN

    EQUALS          reduce using rule 34 (varref -> ID .)
    COMMA           reduce using rule 34 (varref -> ID .)
    END             reduce using rule 34 (varref -> ID .)
    PRINT           reduce using rule 34 (varref -> ID .)
    READ            reduce using rule 34 (varref -> ID .)
    CALL            reduce using rule 34 (varref -> ID .)
    IF              reduce using rule 34 (varref -> ID .)
    DO              reduce using rule 34 (varref -> ID .)
    GOTO            reduce using rule 34 (varref -> ID .)
    NUMBER          reduce using rule 34 (varref -> ID .)
    CONTINUE        reduce using rule 34 (varref -> ID .)
    RETURN          reduce using rule 34 (varref -> ID .)
    ID              reduce using rule 34 (varref -> ID .)
    ELSE            reduce using rule 34 (varref -> ID .)
    ENDIF           reduce using rule 34 (varref -> ID .)
    LPAREN          shift and go to state 34


state 7

    (1) program -> PROGRAM ID declarations_opt statements . END function_defs_opt
    (7) statements -> statements . statement
    (9) statement -> . assignment
    (10) statement -> . print_stmt
    (11) statement -> . read_stmt
    (12) statement -> . call_stmt
    (13) statement -> . if_stmt
    (14) statement -> . do_stmt
    (15) statement -> . goto_stmt
    (16) statement -> . label_stmt
    (17) statement -> . continue_stmt
    (18) statement -> . return_stmt
    (38) assignment -> . varref EQUALS expression
    (30) print_stmt -> . PRINT TIMES COMMA expression_list
    (31) read_stmt -> . READ TIMES COMMA varref_list
    (43) call_stmt -> . CALL ID LPAREN empty RPAREN
    (44) call_stmt -> . CALL ID LPAREN expression_list RPAREN
    (45) if_stmt -> . IF LPAREN expression RPAREN THEN statements endif
    (46) if_stmt -> . IF LPAREN expression RPAREN THEN statements ELSE statements endif
    (49) do_stmt -> . DO NUMBER ID EQUALS expression COMMA expression
    (50) do_stmt -> . DO NUMBER ID EQUALS expression COMMA expression COMMA expression
    (39) goto_stmt -> . GOTO NUMBER
    (40) label_stmt -> . NUMBER statement
    (41) continue_stmt -> . CONTINUE
    (42) return_stmt -> . RETURN
    (34) varref -> . ID
    (35) varref -> . ID LPAREN expression_list RPAREN

    END             shift and go to state 35
    PRINT           shift and go to state 25
    READ            shift and go to state 26
    CALL            shift and go to state 27
    IF              shift and go to state 28
    DO              shift and go to state 29
    GOTO            shift and go to state 31
    NUMBER          shift and go to state 30
    CONTINUE        shift and go to state 32
    RETURN          shift and go to state 33
    ID              shift and go to state 6

    statement                      shift and go to state 36
    assignment                     shift and go to state 11
    print_stmt                     shift and go to state 12
    read_stmt                      shift and go to state 13
    call_stmt                      shift and go to state 14
    if_stmt                        shift and go to state 15
    do_stmt                        shift and go to state 16
    goto_stmt                      shift and go to state 17
    label_stmt                     shift and go to state 18
    continue_stmt                  shift and go to state 19
    return_stmt                    shift and go to state 20
    varref                         shift and go to state 24

state 8

    (19) declarations_opt -> declarations_opt declaration .

    INTEGER         reduce using rule 19 (declarations_opt -> declarations_opt declaration .)
    REAL            reduce using rule 19 (declarations_opt -> declarations_opt declaration .)
    LOGICAL         reduce using rule 19 (declarations_opt -> declarations_opt declaration .)
    PRINT           reduce using rule 19 (declarations_opt -> declarations_opt declaration .)
    READ            reduce using rule 19 (declarations_opt -> declarations_opt declaration .)
    CALL            reduce using rule 19 (declarations_opt -> declarations_opt declaration .)
    IF              reduce using rule 19 (declarations_opt -> declarations_opt declaration .)
    DO              reduce using rule 19 (declarations_opt -> declarations_opt declaration .)
    GOTO            reduce using rule 19 (declarations_opt -> declarations_opt declaration .)
    NUMBER          reduce using rule 19 (declarations_opt -> declarations_opt declaration .)
    CONTINUE        reduce using rule 19 (declarations_opt -> declarations_opt declaration .)
    RETURN          reduce using rule 19 (declarations_opt -> declarations_opt declaration .)
    ID              reduce using rule 19 (declarations_opt -> declarations_opt declaration .)


state 9

    (8) statements -> statement .

    END             reduce using rule 8 (statements -> statement .)
    PRINT           reduce using rule 8 (statements -> statement .)
    READ            reduce using rule 8 (statements -> statement .)
    CALL            reduce using rule 8 (statements -> statement .)
    IF              reduce using rule 8 (statements -> statement .)
    DO              reduce using rule 8 (statements -> statement .)
    GOTO            reduce using rule 8 (statements -> statement .)
    NUMBER          reduce using rule 8 (statements -> statement .)
    CONTINUE        reduce using rule 8 (statements -> statement .)
    RETURN          reduce using rule 8 (statements -> statement .)
    ID              reduce using rule 8 (statements -> statement .)
    ELSE            reduce using rule 8 (statements -> statement .)
    ENDIF           reduce using rule 8 (statements -> statement .)


state 10

    (21) declaration -> type . declarator_list
    (25) declarator_list -> . declarator_list COMMA declarator
    (26) declarator_list -> . declarator
    (28) declarator -> . ID
    (29) declarator -> . ID LPAREN NUMBER RPAREN

    ID              shift and go to state 39

    declarator_list                shift and go to state 37
    declarator                     shift and go to state 38

state 11

    (9) statement -> assignment .

    END             reduce using rule 9 (statement -> assignment .)
    PRINT           reduce using rule 9 (statement -> assignment .)
    READ            reduce using rule 9 (statement -> assignment .)
    CALL            reduce using rule 9 (statement -> assignment .)
    IF              reduce using rule 9 (statement -> assignment .)
    DO              reduce using rule 9 (statement -> assignment .)
    GOTO            reduce using rule 9 (statement -> assignment .)
    NUMBER          reduce using rule 9 (statement -> assignment .)
    CONTINUE        reduce using rule 9 (statement -> assignment .)
    RETURN          reduce using rule 9 (statement -> assignment .)
    ID              reduce using rule 9 (statement -> assignment .)
    ELSE            reduce using rule 9 (statement -> assignment .)
    ENDIF           reduce using rule 9 (statement -> assignment .)


state 12

    (10) statement -> print_stmt .

    END             reduce using rule 10 (statement -> print_stmt .)
    PRINT           reduce using rule 10 (statement -> print_stmt .)
    READ            reduce using rule 10 (statement -> print_stmt .)
    CALL            reduce using rule 10 (statement -> print_stmt .)
    IF              reduce using rule 10 (statement -> print_stmt .)
    DO              reduce using rule 10 (statement -> print_stmt .)
    GOTO            reduce using rule 10 (statement -> print_stmt .)
    NUMBER          reduce using rule 10 (statement -> print_stmt .)
    CONTINUE        reduce using rule 10 (statement -> print_stmt .)
    RETURN          reduce using rule 10 (statement -> print_stmt .)
    ID              reduce using rule 10 (statement -> print_stmt .)
    ELSE            reduce using rule 10 (statement -> print_stmt .)
    ENDIF           reduce using rule 10 (statement -> print_stmt .)


state 13

    (11) statement -> read_stmt .

    END             reduce using rule 11 (statement -> read_stmt .)
    PRINT           reduce using rule 11 (statement -> read_stmt .)
    READ            reduce using rule 11 (statement -> read_stmt .)
    CALL            reduce using rule 11 (statement -> read_stmt .)
    IF              reduce using rule 11 (statement -> read_stmt .)
    DO              reduce using rule 11 (statement -> read_stmt .)
    GOTO            reduce using rule 11 (statement -> read_stmt .)
    NUMBER          reduce using rule 11 (statement -> read_stmt .)
    CONTINUE        reduce using rule 11 (statement -> read_stmt .)
    RETURN          reduce using rule 11 (statement -> read_stmt .)
    ID              reduce using rule 11 (statement -> read_stmt .)
    ELSE            reduce using rule 11 (statement -> read_stmt .)
    ENDIF           reduce using rule 11 (statement -> read_stmt .)


state 14

    (12) statement -> call_stmt .

    END             reduce using rule 12 (statement -> call_stmt .)
    PRINT           reduce using rule 12 (statement -> call_stmt .)
    READ            reduce using rule 12 (statement -> call_stmt .)
    CALL            reduce using rule 12 (statement -> call_stmt .)
    IF              reduce using rule 12 (statement -> call_stmt .)
    DO              reduce using rule 12 (statement -> call_stmt .)
    GOTO            reduce using rule 12 (statement -> call_stmt .)
    NUMBER          reduce using rule 12 (statement -> call_stmt .)
    CONTINUE        reduce using rule 12 (statement -> call_stmt .)
    RETURN          reduce using rule 12 (statement -> call_stmt .)
    ID              reduce using rule 12 (statement -> call_stmt .)
    ELSE            reduce using rule 12 (statement -> call_stmt .)
    ENDIF           reduce using rule 12 (statement -> call_stmt .)


state 15

    (13) statement -> if_stmt .

    END             reduce using rule 13 (statement -> if_stmt .)
    PRINT           reduce using rule 13 (statement -> if_stmt .)
    READ            reduce using rule 13 (statement -> if_stmt .)
    CALL            reduce using rule 13 (statement -> if_stmt .)
    IF              reduce using rule 13 (statement -> if_stmt .)
    DO              reduce using rule 13 (statement -> if_stmt .)
    GOTO            reduce using rule 13 (statement -> if_stmt .)
    NUMBER          reduce using rule 13 (statement -> if_stmt .)
    CONTINUE        reduce using rule 13 (statement -> if_stmt .)
    RETURN          reduce using rule 13 (statement -> if_stmt .)
    ID              reduce using rule 13 (statement -> if_stmt .)
    ELSE            reduce using rule 13 (statement -> if_stmt .)
    ENDIF           reduce using rule 13 (statement -> if_stmt .)


state 16

    (14) statement -> do_stmt .

    END             reduce using rule 14 (statement -> do_stmt .)
    PRINT           reduce using rule 14 (statement -> do_stmt .)
    READ            reduce using rule 14 (statement -> do_stmt .)
    CALL            reduce using rule 14 (statement -> do_stmt .)
    IF              reduce using rule 14 (statement -> do_stmt .)
    DO              reduce using rule 14 (statement -> do_stmt .)
    GOTO            reduce using rule 14 (statement -> do_stmt .)
    NUMBER          reduce using rule 14 (statement -> do_stmt .)
    CONTINUE        reduce using rule 14 (statement -> do_stmt .)
    RETURN          reduce using rule 14 (statement -> do_stmt .)
    ID              reduce using rule 14 (statement -> do_stmt .)
    ELSE            reduce using rule 14 (statement -> do_stmt .)
    ENDIF           reduce using rule 14 (statement -> do_stmt .)


state 17

    (15) statement -> goto_stmt .

    END             reduce using rule 15 (statement -> goto_stmt .)
    PRINT           reduce using rule 15 (statement -> goto_stmt .)
    READ            reduce using rule 15 (statement -> goto_stmt .)
    CALL            reduce using rule 15 (statement -> goto_stmt .)
    IF              reduce using rule 15 (statement -> goto_stmt .)
    DO              reduce using rule 15 (statement -> goto_stmt .)
    GOTO            reduce using rule 15 (statement -> goto_stmt .)
    NUMBER          reduce using rule 15 (statement -> goto_stmt .)
    CONTINUE        reduce using rule 15 (statement -> goto_stmt .)
    RETURN          reduce using rule 15 (statement -> goto_stmt .)
    ID              reduce using rule 15 (statement -> goto_stmt .)
    ELSE            reduce using rule 15 (statement -> goto_stmt .)
    ENDIF           reduce using rule 15 (statement -> goto_stmt .)


state 18

    (16) statement -> label_stmt .

    END             reduce using rule 16 (statement -> label_stmt .)
    PRINT           reduce using rule 16 (statement -> label_stmt .)
    READ            reduce using rule 16 (statement -> label_stmt .)
    CALL            reduce using rule 16 (statement -> label_stmt .)
    IF              reduce using rule 16 (statement -> label_stmt .)
    DO              reduce using rule 16 (statement -> label_stmt .)
    GOTO            reduce using rule 16 (statement -> label_stmt .)
    NUMBER          reduce using rule 16 (statement -> label_stmt .)
    CONTINUE        reduce using rule 16 (statement -> label_stmt .)
    RETURN          reduce using rule 16 (statement -> label_stmt .)
    ID              reduce using rule 16 (statement -> label_stmt .)
    ELSE            reduce using rule 16 (statement -> label_stmt .)
    ENDIF           reduce using rule 16 (statement -> label_stmt .)


state 19

    (17) statement -> continue_stmt .

    END             reduce using rule 17 (statement -> continue_stmt .)
    PRINT           reduce using rule 17 (statement -> continue_stmt .)
    READ            reduce using rule 17 (statement -> continue_stmt .)
    CALL            reduce using rule 17 (statement -> continue_stmt .)
    IF              reduce using rule 17 (statement -> continue_stmt .)
    DO              reduce using rule 17 (statement -> continue_stmt .)
    GOTO            reduce using rule 17 (statement -> continue_stmt .)
    NUMBER          reduce using rule 17 (statement -> continue_stmt .)
    CONTINUE        reduce using rule 17 (statement -> continue_stmt .)
    RETURN          reduce using rule 17 (statement -> continue_stmt .)
    ID              reduce using rule 17 (statement -> continue_stmt .)
    ELSE            reduce using rule 17 (statement -> continue_stmt .)
    ENDIF           reduce using rule 17 (statement -> continue_stmt .)


state 20

    (18) statement -> return_stmt .

    END             reduce using rule 18 (statement -> return_stmt .)
    PRINT           reduce using rule 18 (statement -> return_stmt .)
    READ            reduce using rule 18 (statement -> return_stmt .)
    CALL            reduce using rule 18 (statement -> return_stmt .)
    IF              reduce using rule 18 (statement -> return_stmt .)
    DO              reduce using rule 18 (statement -> return_stmt .)
    GOTO            reduce using rule 18 (statement -> return_stmt .)
    NUMBER          reduce using rule 18 (statement -> return_stmt .)
    CONTINUE        reduce using rule 18 (statement -> return_stmt .)
    RETURN          reduce using rule 18 (statement -> return_stmt .)
    ID              reduce using rule 18 (statement -> return_stmt .)
    ELSE            reduce using rule 18 (statement -> return_stmt .)
    ENDIF           reduce using rule 18 (statement -> return_stmt .)


state 21

    (22) type -> INTEGER .

    ID              reduce using rule 22 (type -> INTEGER .)
    FUNCTION        reduce using rule 22 (type -> INTEGER .)


state 22

    (23) type -> REAL .

    ID              reduce using rule 23 (type -> REAL .)
    FUNCTION        reduce using rule 23 (type -> REAL .)


state 23

    (24) type -> LOGICAL .

    ID              reduce using rule 24 (type -> LOGICAL .)
    FUNCTION        reduce using rule 24 (type -> LOGICAL .)


state 24

    (38) assignment -> varref . EQUALS expression

    EQUALS          shift and go to state 40


state 25

    (30) print_stmt -> PRINT . TIMES COMMA expression_list

    TIMES           shift and go to state 41


state 26

    (31) read_stmt -> READ . TIMES COMMA varref_list

    TIMES           shift and go to state 42


state 27

    (43) call_stmt -> CALL . ID LPAREN empty RPAREN
    (44) call_stmt -> CALL . ID LPAREN expression_list RPAREN

    ID              shift and go to state 43


state 28

    (45) if_stmt -> IF . LPAREN expression RPAREN THEN statements endif
    (46) if_stmt -> IF . LPAREN expression RPAREN THEN statements ELSE statements endif

    LPAREN          shift and go to state 44


state 29

    (49) do_stmt -> DO . NUMBER ID EQUALS expression COMMA expression
    (50) do_stmt -> DO . NUMBER ID EQUALS expression COMMA expression COMMA expression

    NUMBER          shift and go to state 45


state 30

    (40) label_stmt -> NUMBER . statement
    (9) statement -> . assignment
    (10) statement -> . print_stmt
    (11) statement -> . read_stmt
    (12) statement -> . call_stmt
    (13) statement -> . if_stmt
    (14) statement -> . do_stmt
    (15) statement -> . goto_stmt
    (16) statement -> . label_stmt
    (17) statement -> . continue_stmt
    (18) statement -> . return_stmt
    (38) assignment -> . varref EQUALS expression
    (30) print_stmt -> . PRINT TIMES COMMA expression_list
    (31) read_stmt -> . READ TIMES COMMA varref_list
    (43) call_stmt -> . CALL ID LPAREN empty RPAREN
    (44) call_stmt -> . CALL ID LPAREN expression_list RPAREN
    (45) if_stmt -> . IF LPAREN expression RPAREN THEN statements endif
    (46) if_stmt -> . IF LPAREN expression RPAREN THEN statements ELSE statements endif
    (49) do_stmt -> . DO NUMBER ID EQUALS expression COMMA expression
    (50) do_stmt -> . DO NUMBER ID EQUALS expression COMMA expression COMMA expression
    (39) goto_stmt -> . GOTO NUMBER
    (40) label_stmt -> . NUMBER statement
    (41) continue_stmt -> . CONTINUE
    (42) return_stmt -> . RETURN
    (34) varref -> . ID
    (35) varref -> . ID LPAREN expression_list RPAREN

    PRINT           shift and go to state 25
    READ            shift and go to state 26
    CALL            shift and go to state 27
    IF              shift and go to state 28
    DO              shift and go to state 29
    GOTO            shift and go to state 31
    NUMBER          shift and go to state 30
    CONTINUE        shift and go to state 32
    RETURN          shift and go to state 33
    ID              shift and go to state 6

    statement                      shift and go to state 46
    assignment                     shift and go to state 11
    print_stmt                     shift and go to state 12
    read_stmt                      shift and go to state 13
    call_stmt                      shift and go to state 14
    if_stmt                        shift and go to state 15
    do_stmt                        shift and go to state 16
    goto_stmt                      shift and go to state 17
    label_stmt                     shift and go to state 18
    continue_stmt                  shift and go to state 19
    return_stmt                    shift and go to state 20
    varref                         shift and go to state 24

state 31

    (39) goto_stmt -> GOTO . NUMBER

    NUMBER          shift and go to state 47


state 32

    (41) continue_stmt -> CONTINUE .

    END             reduce using rule 41 (continue_stmt -> CONTINUE .)
    PRINT           reduce using rule 41 (continue_stmt -> CONTINUE .)
    READ            reduce using rule 41 (continue_stmt -> CONTINUE .)
    CALL            reduce using rule 41 (continue_stmt -> CONTINUE .)
    IF              reduce using rule 41 (continue_stmt -> CONTINUE .)
    DO              reduce using rule 41 (continue_stmt -> CONTINUE .)
    GOTO            reduce using rule 41 (continue_stmt -> CONTINUE .)
    NUMBER          reduce using rule 41 (continue_stmt -> CONTINUE .)
    CONTINUE        reduce using rule 41 (continue_stmt -> CONTINUE .)
    RETURN          reduce using rule 41 (continue_stmt -> CONTINUE .)
    ID              reduce using rule 41 (continue_stmt -> CONTINUE .)
    ELSE            reduce using rule 41 (continue_stmt -> CONTINUE .)
    ENDIF           reduce using rule 41 (continue_stmt -> CONTINUE .)


state 33

    (42) return_stmt -> RETURN .

    END             reduce using rule 42 (return_stmt -> RETURN .)
    PRINT           reduce using rule 42 (return_stmt -> RETURN .)
    READ            reduce using rule 42 (return_stmt -> RETURN .)
    CALL            reduce using rule 42 (return_stmt -> RETURN .)
    IF              reduce using rule 42 (return_stmt -> RETURN .)
    DO              reduce using rule 42 (return_stmt -> RETURN .)
    GOTO            reduce using rule 42 (return_stmt -> RETURN .)
    NUMBER          reduce using rule 42 (return_stmt -> RETURN .)
    CONTINUE        reduce using rule 42 (return_stmt -> RETURN .)
    RETURN          reduce using rule 42 (return_stmt -> RETURN .)
    ID              reduce using rule 42 (return_stmt -> RETURN .)
    ELSE            reduce using rule 42 (return_stmt -> RETURN .)
    ENDIF           reduce using rule 42 (return_stmt -> RETURN .)


state 34

    (35) varref -> ID LPAREN . expression_list RPAREN
    (36) expression_list -> . expression_list COMMA expression
    (37) expression_list -> . expression
    (60) expression -> . expression PLUS expression
    (61) expression -> . expression MINUS expression
    (62) expression -> . expression TIMES expression
    (63) expression -> . expression DIVIDE expression
    (64) expression -> . expression POWER expression
    (65) expression -> . expression EQ expression
    (66) expression -> . expression NE expression
    (67) expression -> . expression LT expression
    (68) expression -> . expression LE expression
    (69) expression -> . expression GT expression
    (70) expression -> . expression GE expression
    (71) expression -> . expression AND expression
    (72) expression -> . expression OR expression
    (73) expression -> . MINUS expression
    (74) expression -> . NOT expression
    (75) expression -> . LPAREN expression RPAREN
    (76) expression -> . ID
    (77) expression -> . ID LPAREN expression_list RPAREN
    (78) expression -> . REAL LPAREN expression_list RPAREN
    (79) expression -> . INTEGER LPAREN expression_list RPAREN
    (80) expression -> . literal
    (81) literal -> . NUMBER
    (82) literal -> . STRING
    (83) literal -> . TRUE
    (84) literal -> . FALSE

    MINUS           shift and go to state 52
    NOT             shift and go to state 53
    LPAREN          shift and go to state 49
    ID              shift and go to state 48
    REAL            shift and go to state 54
    INTEGER         shift and go to state 55
    NUMBER          shift and go to state 57
    STRING          shift and go to state 58
    TRUE            shift and go to state 59
    FALSE           shift and go to state 60

    expression_list                shift and go to state 50
    expression                     shift and go to state 51
    literal                        shift and go to state 56

state 35

    (1) program -> PROGRAM ID declarations_opt statements END . function_defs_opt
    (3) function_defs_opt -> . function_defs
    (4) function_defs_opt -> . empty
    (5) function_defs -> . function_defs function_def
    (6) function_defs -> . function_def
    (57) function_defs -> . function_defs subroutine_def
    (58) function_defs -> . subroutine_def
    (2) empty -> .
    (51) function_def -> . type FUNCTION ID LPAREN param_list RPAREN declarations_opt function_items END
    (52) subroutine_def -> . SUBROUTINE ID LPAREN param_list RPAREN declarations_opt function_items END
    (22) type -> . INTEGER
    (23) type -> . REAL
    (24) type -> . LOGICAL

    $end            reduce using rule 2 (empty -> .)
    SUBROUTINE      shift and go to state 67
    INTEGER         shift and go to state 21
    REAL            shift and go to state 22
    LOGICAL         shift and go to state 23

    function_defs_opt              shift and go to state 61
    function_defs                  shift and go to state 62
    empty                          shift and go to state 63
    function_def                   shift and go to state 64
    subroutine_def                 shift and go to state 65
    type                           shift and go to state 66

state 36

    (7) statements -> statements statement .

    END             reduce using rule 7 (statements -> statements statement .)
    PRINT           reduce using rule 7 (statements -> statements statement .)
    READ            reduce using rule 7 (statements -> statements statement .)
    CALL            reduce using rule 7 (statements -> statements statement .)
    IF              reduce using rule 7 (statements -> statements statement .)
    DO              reduce using rule 7 (statements -> statements statement .)
    GOTO            reduce using rule 7 (statements -> statements statement .)
    NUMBER          reduce using rule 7 (statements -> statements statement .)
    CONTINUE        reduce using rule 7 (statements -> statements statement .)
    RETURN          reduce using rule 7 (statements -> statements statement .)
    ID              reduce using rule 7 (statements -> statements statement .)
    ELSE            reduce using rule 7 (statements -> statements statement .)
    ENDIF           reduce using rule 7 (statements -> statements statement .)


state 37

    (21) declaration -> type declarator_list .
    (25) declarator_list -> declarator_list . COMMA declarator

    INTEGER         reduce using rule 21 (declaration -> type declarator_list .)
    REAL            reduce using rule 21 (declaration -> type declarator_list .)
    LOGICAL         reduce using rule 21 (declaration -> type declarator_list .)
    PRINT           reduce using rule 21 (declaration -> type declarator_list .)
    READ            reduce using rule 21 (declaration -> type declarator_list .)
    CALL            reduce using rule 21 (declaration -> type declarator_list .)
    IF              reduce using rule 21 (declaration -> type declarator_list .)
    DO              reduce using rule 21 (declaration -> type declarator_list .)
    GOTO            reduce using rule 21 (declaration -> type declarator_list .)
    NUMBER          reduce using rule 21 (declaration -> type declarator_list .)
    CONTINUE        reduce using rule 21 (declaration -> type declarator_list .)
    RETURN          reduce using rule 21 (declaration -> type declarator_list .)
    ID              reduce using rule 21 (declaration -> type declarator_list .)
    COMMA           shift and go to state 68


state 38

    (26) declarator_list -> declarator .

    COMMA           reduce using rule 26 (declarator_list -> declarator .)
    INTEGER         reduce using rule 26 (declarator_list -> declarator .)
    REAL            reduce using rule 26 (declarator_list -> declarator .)
    LOGICAL         reduce using rule 26 (declarator_list -> declarator .)
    PRINT           reduce using rule 26 (declarator_list -> declarator .)
    READ            reduce using rule 26 (declarator_list -> declarator .)
    CALL            reduce using rule 26 (declarator_list -> declarator .)
    IF              reduce using rule 26 (declarator_list -> declarator .)
    DO              reduce using rule 26 (declarator_list -> declarator .)
    GOTO            reduce using rule 26 (declarator_list -> declarator .)
    NUMBER          reduce using rule 26 (declarator_list -> declarator .)
    CONTINUE        reduce using rule 26 (declarator_list -> declarator .)
    RETURN          reduce using rule 26 (declarator_list -> declarator .)
    ID              reduce using rule 26 (declarator_list -> declarator .)
    RPAREN          reduce using rule 26 (declarator_list -> declarator .)


state 39

    (28) declarator -> ID .
    (29) declarator -> ID . LPAREN NUMBER RPAREN

    COMMA           reduce using rule 28 (declarator -> ID .)
    INTEGER         reduce using rule 28 (declarator -> ID .)
    REAL            reduce using rule 28 (declarator -> ID .)
    LOGICAL         reduce using rule 28 (declarator -> ID .)
    PRINT           reduce using rule 28 (declarator -> ID .)
    READ            reduce using rule 28 (declarator -> ID .)
    CALL            reduce using rule 28 (declarator -> ID .)
    IF              reduce using rule 28 (declarator -> ID .)
    DO              reduce using rule 28 (declarator -> ID .)
    GOTO            reduce using rule 28 (declarator -> ID .)
    NUMBER          reduce using rule 28 (declarator -> ID .)
    CONTINUE        reduce using rule 28 (declarator -> ID .)
    RETURN          reduce using rule 28 (declarator -> ID .)
    ID              reduce using rule 28 (declarator -> ID .)
    RPAREN          reduce using rule 28 (declarator -> ID .)
    LPAREN          shift and go to state 69


state 40

    (38) assignment -> varref EQUALS . expression
    (60) expression -> . expression PLUS expression
    (61) expression -> . expression MINUS expression
    (62) expression -> . expression TIMES expression
    (63) expression -> . expression DIVIDE expression
    (64) expression -> . expression POWER expression
    (65) expression -> . expression EQ expression
    (66) expression -> . expression NE expression
    (67) expression -> . expression LT expression
    (68) expression -> . expression LE expression
    (69) expression -> . expression GT expression
    (70) expression -> . expression GE expression
    (71) expression -> . expression AND expression
    (72) expression -> . expression OR expression
    (73) expression -> . MINUS expression
    (74) expression -> . NOT expression
    (75) expression -> . LPAREN expression RPAREN
    (76) expression -> . ID
    (77) expression -> . ID LPAREN expression_list RPAREN
    (78) expression -> . REAL LPAREN expression_list RPAREN
    (79) expression -> . INTEGER LPAREN expression_list RPAREN
    (80) expression -> . literal
    (81) literal -> . NUMBER
    (82) literal -> . STRING
    (83) literal -> . TRUE
    (84) literal -> . FALSE

    MINUS           shift and go to state 52
    NOT             shift and go to state 53
    LPAREN          shift and go to state 49
    ID              shift and go to state 48
    REAL            shift and go to state 54
    INTEGER         shift and go to state 55
    NUMBER          shift and go to state 57
    STRING          shift and go to state 58
    TRUE            shift and go to state 59
    FALSE           shift and go to state 60

    expression                     shift and go to state 70
    literal                        shift and go to state 56

state 41

    (30) print_stmt -> PRINT TIMES . COMMA expression_list

    COMMA           shift and go to state 71


state 42

    (31) read_stmt -> READ TIMES . COMMA varref_list

    COMMA           shift and go to state 72


state 43

    (43) call_stmt -> CALL ID . LPAREN empty RPAREN
    (44) call_stmt -> CALL ID . LPAREN expression_list RPAREN

    LPAREN          shift and go to state 73


state 44

    (45) if_stmt -> IF LPAREN . expression RPAREN THEN statements endif
    (46) if_stmt -> IF LPAREN . expression RPAREN THEN statements ELSE statements endif
    (60) expression -> . expression PLUS expression
    (61) expression -> . expression MINUS expression
    (62) expression -> . expression TIMES expression
    (63) expression -> . expression DIVIDE expression
    (64) expression -> . expression POWER expression
    (65) expression -> . expression EQ expression
    (66) expression -> . expression NE expression
    (67) expression -> . expression LT expression
    (68) expression -> . expression LE expression
    (69) expression -> . expression GT expression
    (70) expression -> . expression GE expression
    (71) expression -> . expression AND expression
    (72) expression -> . expression OR expression
    (73) expression -> . MINUS expression
    (74) expression -> . NOT expression
    (75) expression -> . LPAREN expression RPAREN
    (76) expression -> . ID
    (77) expression -> . ID LPAREN expression_list RPAREN
    (78) expression -> . REAL LPAREN expression_list RPAREN
    (79) expression -> . INTEGER LPAREN expression_list RPAREN
    (80) expression -> . literal
    (81) literal -> . NUMBER
    (82) literal -> . STRING
    (83) literal -> . TRUE
    (84) literal -> . FALSE

    MINUS           shift and go to state 52
    NOT             shift and go to state 53
    LPAREN          shift and go to state 49
    ID              shift and go to state 48
    REAL            shift and go to state 54
    INTEGER         shift and go to state 55
    NUMBER          shift and go to state 57
    STRING          shift and go to state 58
    TRUE            shift and go to state 59
    FALSE           shift and go to state 60

    expression                     shift and go to state 74
    literal                        shift and go to state 56

state 45

    (49) do_stmt -> DO NUMBER . ID EQUALS expression COMMA expression
    (50) do_stmt -> DO NUMBER . ID EQUALS expression COMMA expression COMMA expression

    ID              shift and go to state 75


state 46

    (40) label_stmt -> NUMBER statement .

    END             reduce using rule 40 (label_stmt -> NUMBER statement .)
    PRINT           reduce using rule 40 (label_stmt -> NUMBER statement .)
    READ            reduce using rule 40 (label_stmt -> NUMBER statement .)
    CALL            reduce using rule 40 (label_stmt -> NUMBER statement .)
    IF              reduce using rule 40 (label_stmt -> NUMBER statement .)
    DO              reduce using rule 40 (label_stmt -> NUMBER statement .)
    GOTO            reduce using rule 40 (label_stmt -> NUMBER statement .)
    NUMBER          reduce using rule 40 (label_stmt -> NUMBER statement .)
    CONTINUE        reduce using rule 40 (label_stmt -> NUMBER statement .)
    RETURN          reduce using rule 40 (label_stmt -> NUMBER statement .)
    ID              reduce using rule 40 (label_stmt -> NUMBER statement .)
    ELSE            reduce using rule 40 (label_stmt -> NUMBER statement .)
    ENDIF           reduce using rule 40 (label_stmt -> NUMBER statement .)


state 47

    (39) goto_stmt -> GOTO NUMBER .

    END             reduce using rule 39 (goto_stmt -> GOTO NUMBER .)
    PRINT           reduce using rule 39 (goto_stmt -> GOTO NUMBER .)
    READ            reduce using rule 39 (goto_stmt -> GOTO NUMBER .)
    CALL            reduce using rule 39 (goto_stmt -> GOTO NUMBER .)
    IF              reduce using rule 39 (goto_stmt -> GOTO NUMBER .)
    DO              reduce using rule 39 (goto_stmt -> GOTO NUMBER .)
    GOTO            reduce using rule 39 (goto_stmt -> GOTO NUMBER .)
    NUMBER          reduce using rule 39 (goto_stmt -> GOTO NUMBER .)
    CONTINUE        reduce using rule 39 (goto_stmt -> GOTO NUMBER .)
    RETURN          reduce using rule 39 (goto_stmt -> GOTO NUMBER .)
    ID              reduce using rule 39 (goto_stmt -> GOTO NUMBER .)
    ELSE            reduce using rule 39 (goto_stmt -> GOTO NUMBER .)
    ENDIF           reduce using rule 39 (goto_stmt -> GOTO NUMBER .)


state 48

    (76) expression -> ID .
    (77) expression -> ID . LPAREN expression_list RPAREN

    PLUS            reduce using rule 76 (expression -> ID .)
    MINUS           reduce using rule 76 (expression -> ID .)
    TIMES           reduce using rule 76 (expression -> ID .)
    DIVIDE          reduce using rule 76 (expression -> ID .)
    POWER           reduce using rule 76 (expression -> ID .)
    EQ              reduce using rule 76 (expression -> ID .)
    NE              reduce using rule 76 (expression -> ID .)
    LT              reduce using rule 76 (expression -> ID .)
    LE              reduce using rule 76 (expression -> ID .)
    GT              reduce using rule 76 (expression -> ID .)
    GE              reduce using rule 76 (expression -> ID .)
    AND             reduce using rule 76 (expression -> ID .)
    OR              reduce using rule 76 (expression -> ID .)
    RPAREN          reduce using rule 76 (expression -> ID .)
    COMMA           reduce using rule 76 (expression -> ID .)
    END             reduce using rule 76 (expression -> ID .)
    PRINT           reduce using rule 76 (expression -> ID .)
    READ            reduce using rule 76 (expression -> ID .)
    CALL            reduce using rule 76 (expression -> ID .)
    IF              reduce using rule 76 (expression -> ID .)
    DO              reduce using rule 76 (expression -> ID .)
    GOTO            reduce using rule 76 (expression -> ID .)
    NUMBER          reduce using rule 76 (expression -> ID .)
    CONTINUE        reduce using rule 76 (expression -> ID .)
    RETURN          reduce using rule 76 (expression -> ID .)
    ID              reduce using rule 76 (expression -> ID .)
    ELSE            reduce using rule 76 (expression -> ID .)
    ENDIF           reduce using rule 76 (expression -> ID .)
    LPAREN          shift and go to state 76


state 49

    (75) expression -> LPAREN . expression RPAREN
    (60) expression -> . expression PLUS expression
    (61) expression -> . expression MINUS expression
    (62) expression -> . expression TIMES expression
    (63) expression -> . expression DIVIDE expression
    (64) expression -> . expression POWER expression
    (65) expression -> . expression EQ expression
    (66) expression -> . expression NE expression
    (67) expression -> . expression LT expression
    (68) expression -> . expression LE expression
    (69) expression -> . expression GT expression
    (70) expression -> . expression GE expression
    (71) expression -> . expression AND expression
    (72) expression -> . expression OR expression
    (73) expression -> . MINUS expression
    (74) expression -> . NOT expression
    (75) expression -> . LPAREN expression RPAREN
    (76) expression -> . ID
    (77) expression -> . ID LPAREN expression_list RPAREN
    (78) expression -> . REAL LPAREN expression_list RPAREN
    (79) expression -> . INTEGER LPAREN expression_list RPAREN
    (80) expression -> . literal
    (81) literal -> . NUMBER
    (82) literal -> . STRING
    (83) literal -> . TRUE
    (84) literal -> . FALSE

    MINUS           shift and go to state 52
    NOT             shift and go to state 53
    LPAREN          shift and go to state 49
    ID              shift and go to state 48
    REAL            shift and go to state 54
    INTEGER         shift and go to state 55
    NUMBER          shift and go to state 57
    STRING          shift and go to state 58
    TRUE            shift and go to state 59
    FALSE           shift and go to state 60

    expression                     shift and go to state 77
    literal                        shift and go to state 56

state 50

    (35) varref -> ID LPAREN expression_list . RPAREN
    (36) expression_list -> expression_list . COMMA expression

    RPAREN          shift and go to state 78
    COMMA           shift and go to state 79


state 51

    (37) expression_list -> expression .
    (60) expression -> expression . PLUS expression
    (61) expression -> expression . MINUS expression
    (62) expression -> expression . TIMES expression
    (63) expression -> expression . DIVIDE expression
    (64) expression -> expression . POWER expression
    (65) expression -> expression . EQ expression
    (66) expression -> expression . NE expression
    (67) expression -> expression . LT expression
    (68) expression -> expression . LE expression
    (69) expression -> expression . GT expression
    (70) expression -> expression . GE expression
    (71) expression -> expression . AND expression
    (72) expression -> expression . OR expression

    RPAREN          reduce using rule 37 (expression_list -> expression .)
    COMMA           reduce using rule 37 (expression_list -> expression .)
    END             reduce using rule 37 (expression_list -> expression .)
    PRINT           reduce using rule 37 (expression_list -> expression .)
    READ            reduce using rule 37 (expression_list -> expression .)
    CALL            reduce using rule 37 (expression_list -> expression .)
    IF              reduce using rule 37 (expression_list -> expression .)
    DO              reduce using rule 37 (expression_list -> expression .)
    GOTO            reduce using rule 37 (expression_list -> expression .)
    NUMBER          reduce using rule 37 (expression_list -> expression .)
    CONTINUE        reduce using rule 37 (expression_list -> expression .)
    RETURN          reduce using rule 37 (expression_list -> expression .)
    ID              reduce using rule 37 (expression_list -> expression .)
    ELSE            reduce using rule 37 (expression_list -> expression .)
    ENDIF           reduce using rule 37 (expression_list -> expression .)
    PLUS            shift and go to state 80
    MINUS           shift and go to state 81
    TIMES           shift and go to state 82
    DIVIDE          shift and go to state 83
    POWER           shift and go to state 84
    EQ              shift and go to state 85
    NE              shift and go to state 86
    LT              shift and go to state 87
    LE              shift and go to state 88
    GT              shift and go to state 89
    GE              shift and go to state 90
    AND             shift and go to state 91
    OR              shift and go to state 92


state 52

    (73) expression -> MINUS . expression
    (60) expression -> . expression PLUS expression
    (61) expression -> . expression MINUS expression
    (62) expression -> . expression TIMES expression
    (63) expression -> . expression DIVIDE expression
    (64) expression -> . expression POWER expression
    (65) expression -> . expression EQ expression
    (66) expression -> . expression NE expression
    (67) expression -> . expression LT expression
    (68) expression -> . expression LE expression
    (69) expression -> . expression GT expression
    (70) expression -> . expression GE expression
    (71) expression -> . expression AND expression
    (72) expression -> . expression OR expression
    (73) expression -> . MINUS expression
    (74) expression -> . NOT expression
    (75) expression -> . LPAREN expression RPAREN
    (76) expression -> . ID
    (77) expression -> . ID LPAREN expression_list RPAREN
    (78) expression -> . REAL LPAREN expression_list RPAREN
    (79) expression -> . INTEGER LPAREN expression_list RPAREN
    (80) expression -> . literal
    (81) literal -> . NUMBER
    (82) literal -> . STRING
    (83) literal -> . TRUE
    (84) literal -> . FALSE

    MINUS           shift and go to state 52
    NOT             shift and go to state 53
    LPAREN          shift and go to state 49
    ID              shift and go to state 48
    REAL            shift and go to state 54
    INTEGER         shift and go to state 55
    NUMBER          shift and go to state 57
    STRING          shift and go to state 58
    TRUE            shift and go to state 59
    FALSE           shift and go to state 60

    expression                     shift and go to state 93
    literal                        shift and go to state 56

state 53

    (74) expression -> NOT . expression
    (60) expression -> . expression PLUS expression
    (61) expression -> . expression MINUS expression
    (62) expression -> . expression TIMES expression
    (63) expression -> . expression DIVIDE expression
    (64) expression -> . expression POWER expression
    (65) expression -> . expression EQ expression
    (66) expression -> . expression NE expression
    (67) expression -> . expression LT expression
    (68) expression -> . expression LE expression
    (69) expression -> . expression GT expression
    (70) expression -> . expression GE expression
    (71) expression -> . expression AND expression
    (72) expression -> . expression OR expression
    (73) expression -> . MINUS expression
    (74) expression -> . NOT expression
    (75) expression -> . LPAREN expression RPAREN
    (76) expression -> . ID
    (77) expression -> . ID LPAREN expression_list RPAREN
    (78) expression -> . REAL LPAREN expression_list RPAREN
    (79) expression -> . INTEGER LPAREN expression_list RPAREN
    (80) expression -> . literal
    (81) literal -> . NUMBER
    (82) literal -> . STRING
    (83) literal -> . TRUE
    (84) literal -> . FALSE

    MINUS           shift and go to state 52
    NOT             shift and go to state 53
    LPAREN          shift and go to state 49
    ID              shift and go to state 48
    REAL            shift and go to state 54
    INTEGER         shift and go to state 55
    NUMBER          shift and go to state 57
    STRING          shift and go to state 58
    TRUE            shift and go to state 59
    FALSE           shift and go to state 60

    expression                     shift and go to state 94
    literal                        shift and go to state 56

state 54

    (78) expression -> REAL . LPAREN expression_list RPAREN

    LPAREN          shift and go to state 95


state 55

    (79) expression -> INTEGER . LPAREN expression_list RPAREN

    LPAREN          shift and go to state 96


state 56

    (80) expression -> literal .

    PLUS            reduce using rule 80 (expression -> literal .)
    MINUS           reduce using rule 80 (expression -> literal .)
    TIMES           reduce using rule 80 (expression -> literal .)
    DIVIDE          reduce using rule 80 (expression -> literal .)
    POWER           reduce using rule 80 (expression -> literal .)
    EQ              reduce using rule 80 (expression -> literal .)
    NE              reduce using rule 80 (expression -> literal .)
    LT              reduce using rule 80 (expression -> literal .)
    LE              reduce using rule 80 (expression -> literal .)
    GT              reduce using rule 80 (expression -> literal .)
    GE              reduce using rule 80 (expression -> literal .)
    AND             reduce using rule 80 (expression -> literal .)
    OR              reduce using rule 80 (expression -> literal .)
    RPAREN          reduce using rule 80 (expression -> literal .)
    COMMA           reduce using rule 80 (expression -> literal .)
    END             reduce using rule 80 (expression -> literal .)
    PRINT           reduce using rule 80 (expression -> literal .)
    READ            reduce using rule 80 (expression -> literal .)
    CALL            reduce using rule 80 (expression -> literal .)
    IF              reduce using rule 80 (expression -> literal .)
    DO              reduce using rule 80 (expression -> literal .)
    GOTO            reduce using rule 80 (expression -> literal .)
    NUMBER          reduce using rule 80 (expression -> literal .)
    CONTINUE        reduce using rule 80 (expression -> literal .)
    RETURN          reduce using rule 80 (expression -> literal .)
    ID              reduce using rule 80 (expression -> literal .)
    ELSE            reduce using rule 80 (expression -> literal .)
    ENDIF           reduce using rule 80 (expression -> literal .)


state 57

    (81) literal -> NUMBER .

    PLUS            reduce using rule 81 (literal -> NUMBER .)
    MINUS           reduce using rule 81 (literal -> NUMBER .)
    TIMES           reduce using rule 81 (literal -> NUMBER .)
    DIVIDE          reduce using rule 81 (literal -> NUMBER .)
    POWER           reduce using rule 81 (literal -> NUMBER .)
    EQ              reduce using rule 81 (literal -> NUMBER .)
    NE              reduce using rule 81 (literal -> NUMBER .)
    LT              reduce using rule 81 (literal -> NUMBER .)
    LE              reduce using rule 81 (literal -> NUMBER .)
    GT              reduce using rule 81 (literal -> NUMBER .)
    GE              reduce using rule 81 (literal -> NUMBER .)
    AND             reduce using rule 81 (literal -> NUMBER .)
    OR              reduce using rule 81 (literal -> NUMBER .)
    RPAREN          reduce using rule 81 (literal -> NUMBER .)
    COMMA           reduce using rule 81 (literal -> NUMBER .)
    END             reduce using rule 81 (literal -> NUMBER .)
    PRINT           reduce using rule 81 (literal -> NUMBER .)
    READ            reduce using rule 81 (literal -> NUMBER .)
    CALL            reduce using rule 81 (literal -> NUMBER .)
    IF              reduce using rule 81 (literal -> NUMBER .)
    DO              reduce using rule 81 (literal -> NUMBER .)
    GOTO            reduce using rule 81 (literal -> NUMBER .)
    NUMBER          reduce using rule 81 (literal -> NUMBER .)
    CONTINUE        reduce using rule 81 (literal -> NUMBER .)
    RETURN          reduce using rule 81 (literal -> NUMBER .)
    ID              reduce using rule 81 (literal -> NUMBER .)
    ELSE            reduce using rule 81 (literal -> NUMBER .)
    ENDIF           reduce using rule 81 (literal -> NUMBER .)


state 58

    (82) literal -> STRING .

    PLUS            reduce using rule 82 (literal -> STRING .)
    MINUS           reduce using rule 82 (literal -> STRING .)
    TIMES           reduce using rule 82 (literal -> STRING .)
    DIVIDE          reduce using rule 82 (literal -> STRING .)
    POWER           reduce using rule 82 (literal -> STRING .)
    EQ              reduce using rule 82 (literal -> STRING .)
    NE              reduce using rule 82 (literal -> STRING .)
    LT              reduce using rule 82 (literal -> STRING .)
    LE              reduce using rule 82 (literal -> STRING .)
    GT              reduce using rule 82 (literal -> STRING .)
    GE              reduce using rule 82 (literal -> STRING .)
    AND             reduce using rule 82 (literal -> STRING .)
    OR              reduce using rule 82 (literal -> STRING .)
    RPAREN          reduce using rule 82 (literal -> STRING .)
    COMMA           reduce using rule 82 (literal -> STRING .)
    END             reduce using rule 82 (literal -> STRING .)
    PRINT           reduce using rule 82 (literal -> STRING .)
    READ            reduce using rule 82 (literal -> STRING .)
    CALL            reduce using rule 82 (literal -> STRING .)
    IF              reduce using rule 82 (literal -> STRING .)
    DO              reduce using rule 82 (literal -> STRING .)
    GOTO            reduce using rule 82 (literal -> STRING .)
    NUMBER          reduce using rule 82 (literal -> STRING .)
    CONTINUE        reduce using rule 82 (literal -> STRING .)
    RETURN          reduce using rule 82 (literal -> STRING .)
    ID              reduce using rule 82 (literal -> STRING .)
    ELSE            reduce using rule 82 (literal -> STRING .)
    ENDIF           reduce using rule 82 (literal -> STRING .)


state 59

    (83) literal -> TRUE .

    PLUS            reduce using rule 83 (literal -> TRUE .)
    MINUS           reduce using rule 83 (literal -> TRUE .)
    TIMES           reduce using rule 83 (literal -> TRUE .)
    DIVIDE          reduce using rule 83 (literal -> TRUE .)
    POWER           reduce using rule 83 (literal -> TRUE .)
    EQ              reduce using rule 83 (literal -> TRUE .)
    NE              reduce using rule 83 (literal -> TRUE .)
    LT              reduce using rule 83 (literal -> TRUE .)
    LE              reduce using rule 83 (literal -> TRUE .)
    GT              reduce using rule 83 (literal -> TRUE .)
    GE              reduce using rule 83 (literal -> TRUE .)
    AND             reduce using rule 83 (literal -> TRUE .)
    OR              reduce using rule 83 (literal -> TRUE .)
    RPAREN          reduce using rule 83 (literal -> TRUE .)
    COMMA           reduce using rule 83 (literal -> TRUE .)
    END             reduce using rule 83 (literal -> TRUE .)
    PRINT           reduce using rule 83 (literal -> TRUE .)
    READ            reduce using rule 83 (literal -> TRUE .)
    CALL            reduce using rule 83 (literal -> TRUE .)
    IF              reduce using rule 83 (literal -> TRUE .)
    DO              reduce using rule 83 (literal -> TRUE .)
    GOTO            reduce using rule 83 (literal -> TRUE .)
    NUMBER          reduce using rule 83 (literal -> TRUE .)
    CONTINUE        reduce using rule 83 (literal -> TRUE .)
    RETURN          reduce using rule 83 (literal -> TRUE .)
    ID              reduce using rule 83 (literal -> TRUE .)
    ELSE            reduce using rule 83 (literal -> TRUE .)
    ENDIF           reduce using rule 83 (literal -> TRUE .)


state 60

    (84) literal -> FALSE .

    PLUS            reduce using rule 84 (literal -> FALSE .)
    MINUS           reduce using rule 84 (literal -> FALSE .)
    TIMES           reduce using rule 84 (literal -> FALSE .)
    DIVIDE          reduce using rule 84 (literal -> FALSE .)
    POWER           reduce using rule 84 (literal -> FALSE .)
    EQ              reduce using rule 84 (literal -> FALSE .)
    NE              reduce using rule 84 (literal -> FALSE .)
    LT              reduce using rule 84 (literal -> FALSE .)
    LE              reduce using rule 84 (literal -> FALSE .)
    GT              reduce using rule 84 (literal -> FALSE .)
    GE              reduce using rule 84 (literal -> FALSE .)
    AND             reduce using rule 84 (literal -> FALSE .)
    OR              reduce using rule 84 (literal -> FALSE .)
    RPAREN          reduce using rule 84 (literal -> FALSE .)
    COMMA           reduce using rule 84 (literal -> FALSE .)
    END             reduce using rule 84 (literal -> FALSE .)
    PRINT           reduce using rule 84 (literal -> FALSE .)
    READ            reduce using rule 84 (literal -> FALSE .)
    CALL            reduce using rule 84 (literal -> FALSE .)
    IF              reduce using rule 84 (literal -> FALSE .)
    DO              reduce using rule 84 (literal -> FALSE .)
    GOTO            reduce using rule 84 (literal -> FALSE .)
    NUMBER          reduce using rule 84 (literal -> FALSE .)
    CONTINUE        reduce using rule 84 (literal -> FALSE .)
    RETURN          reduce using rule 84 (literal -> FALSE .)
    ID              reduce using rule 84 (literal -> FALSE .)
    ELSE            reduce using rule 84 (literal -> FALSE .)
    ENDIF           reduce using rule 84 (literal -> FALSE .)


state 61

    (1) program -> PROGRAM ID declarations_opt statements END function_defs_opt .

    $end            reduce using rule 1 (program -> PROGRAM ID declarations_opt statements END function_defs_opt .)


state 62

    (3) function_defs_opt -> function_defs .
    (5) function_defs -> function_defs . function_def
    (57) function_defs -> function_defs . subroutine_def
    (51) function_def -> . type FUNCTION ID LPAREN param_list RPAREN declarations_opt function_items END
    (52) subroutine_def -> . SUBROUTINE ID LPAREN param_list RPAREN declarations_opt function_items END
    (22) type -> . INTEGER
    (23) type -> . REAL
    (24) type -> . LOGICAL

    $end            reduce using rule 3 (function_defs_opt -> function_defs .)
    SUBROUTINE      shift and go to state 67
    INTEGER         shift and go to state 21
    REAL            shift and go to state 22
    LOGICAL         shift and go to state 23

    function_def                   shift and go to state 97
    subroutine_def                 shift and go to state 98
    type                           shift and go to state 66

state 63

    (4) function_defs_opt -> empty .

    $end            reduce using rule 4 (function_defs_opt -> empty .)


state 64

    (6) function_defs -> function_def .

    SUBROUTINE      reduce using rule 6 (function_defs -> function_def .)
    INTEGER         reduce using rule 6 (function_defs -> function_def .)
    REAL            reduce using rule 6 (function_defs -> function_def .)
    LOGICAL         reduce using rule 6 (function_defs -> function_def .)
    $end            reduce using rule 6 (function_defs -> function_def .)


state 65

    (58) function_defs -> subroutine_def .

    SUBROUTINE      reduce using rule 58 (function_defs -> subroutine_def .)
    INTEGER         reduce using rule 58 (function_defs -> subroutine_def .)
    REAL            reduce using rule 58 (function_defs -> subroutine_def .)
    LOGICAL         reduce using rule 58 (function_defs -> subroutine_def .)
    $end            reduce using rule 58 (function_defs -> subroutine_def .)


state 66

    (51) function_def -> type . FUNCTION ID LPAREN param_list RPAREN declarations_opt function_items END

    FUNCTION        shift and go to state 99


state 67

    (52) subroutine_def -> SUBROUTINE . ID LPAREN param_list RPAREN declarations_opt function_items END

    ID              shift and go to state 100


state 68

    (25) declarator_list -> declarator_list COMMA . declarator
    (28) declarator -> . ID
    (29) declarator -> . ID LPAREN NUMBER RPAREN

    ID              shift and go to state 39

    declarator                     shift and go to state 101

state 69

    (29) declarator -> ID LPAREN . NUMBER RPAREN

    NUMBER          shift and go to state 102


state 70

    (38) assignment -> varref EQUALS expression .
    (60) expression -> expression . PLUS expression
    (61) expression -> expression . MINUS expression
    (62) expression -> expression . TIMES expression
    (63) expression -> expression . DIVIDE expression
    (64) expression -> expression . POWER expression
    (65) expression -> expression . EQ expression
    (66) expression -> expression . NE expression
    (67) expression -> expression . LT expression
    (68) expression -> expression . LE expression
    (69) expression -> expression . GT expression
    (70) expression -> expression . GE expression
    (71) expression -> expression . AND expression
    (72) expression -> expression . OR expression

    END             reduce using rule 38 (assignment -> varref EQUALS expression .)
    PRINT           reduce using rule 38 (assignment -> varref EQUALS expression .)
    READ            reduce using rule 38 (assignment -> varref EQUALS expression .)
    CALL            reduce using rule 38 (assignment -> varref EQUALS expression .)
    IF              reduce using rule 38 (assignment -> varref EQUALS expression .)
    DO              reduce using rule 38 (assignment -> varref EQUALS expression .)
    GOTO            reduce using rule 38 (assignment -> varref EQUALS expression .)
    NUMBER          reduce using rule 38 (assignment -> varref EQUALS expression .)
    CONTINUE        reduce using rule 38 (assignment -> varref EQUALS expression .)
    RETURN          reduce using rule 38 (assignment -> varref EQUALS expression .)
    ID              reduce using rule 38 (assignment -> varref EQUALS expression .)
    ELSE            reduce using rule 38 (assignment -> varref EQUALS expression .)
    ENDIF           reduce using rule 38 (assignment -> varref EQUALS expression .)
    PLUS            shift and go to state 80
    MINUS           shift and go to state 81
    TIMES           shift and go to state 82
    DIVIDE          shift and go to state 83
    POWER           shift and go to state 84
    EQ              shift and go to state 85
    NE              shift and go to state 86
    LT              shift and go to state 87
    LE              shift and go to state 88
    GT              shift and go to state 89
    GE              shift and go to state 90
    AND             shift and go to state 91
    OR              shift and go to state 92


state 71

    (30) print_stmt -> PRINT TIMES COMMA . expression_list
    (36) expression_list -> . expression_list COMMA expression
    (37) expression_list -> . expression
    (60) expression -> . expression PLUS expression
    (61) expression -> . expression MINUS expression
    (62) expression -> . expression TIMES expression
    (63) expression -> . expression DIVIDE expression
    (64) expression -> . expression POWER expression
    (65) expression -> . expression EQ expression
    (66) expression -> . expression NE expression
    (67) expression -> . expression LT expression
    (68) expression -> . expression LE expression
    (69) expression -> . expression GT expression
    (70) expression -> . expression GE expression
    (71) expression -> . expression AND expression
    (72) expression -> . expression OR expression
    (73) expression -> . MINUS expression
    (74) expression -> . NOT expression
    (75) expression -> . LPAREN expression RPAREN
    (76) expression -> . ID
    (77) expression -> . ID LPAREN expression_list RPAREN
    (78) expression -> . REAL LPAREN expression_list RPAREN
    (79) expression -> . INTEGER LPAREN expression_list RPAREN
    (80) expression -> . literal
    (81) literal -> . NUMBER
    (82) literal -> . STRING
    (83) literal -> . TRUE
    (84) literal -> . FALSE

    MINUS           shift and go to state 52
    NOT             shift and go to state 53
    LPAREN          shift and go to state 49
    ID              shift and go to state 48
    REAL            shift and go to state 54
    INTEGER         shift and go to state 55
    NUMBER          shift and go to state 57
    STRING          shift and go to state 58
    TRUE            shift and go to state 59
    FALSE           shift and go to state 60

    expression_list                shift and go to state 103
    expression                     shift and go to state 51
    literal                        shift and go to state 56

state 72

    (31) read_stmt -> READ TIMES COMMA . varref_list
    (32) varref_list -> . varref_list COMMA varref
    (33) varref_list -> . varref
    (34) varref -> . ID
    (35) varref -> . ID LPAREN expression_list RPAREN

    ID              shift and go to state 6

    varref_list                    shift and go to state 104
    varref                         shift and go to state 105

state 73

    (43) call_stmt -> CALL ID LPAREN . empty RPAREN
    (44) call_stmt -> CALL ID LPAREN . expression_list RPAREN
    (2) empty -> .
    (36) expression_list -> . expression_list COMMA expression
    (37) expression_list -> . expression
    (60) expression -> . expression PLUS expression
    (61) expression -> . expression MINUS expression
    (62) expression -> . expression TIMES expression
    (63) expression -> . expression DIVIDE expression
    (64) expression -> . expression POWER expression
    (65) expression -> . expression EQ expression
    (66) expression -> . expression NE expression
    (67) expression -> . expression LT expression
    (68) expression -> . expression LE expression
    (69) expression -> . expression GT expression
    (70) expression -> . expression GE expression
    (71) expression -> . expression AND expression
    (72) expression -> . expression OR expression
    (73) expression -> . MINUS expression
    (74) expression -> . NOT expression
    (75) expression -> . LPAREN expression RPAREN
    (76) expression -> . ID
    (77) expression -> . ID LPAREN expression_list RPAREN
    (78) expression -> . REAL LPAREN expression_list RPAREN
    (79) expression -> . INTEGER LPAREN expression_list RPAREN
    (80) expression -> . literal
    (81) literal -> . NUMBER
    (82) literal -> . STRING
    (83) literal -> . TRUE
    (84) literal -> . FALSE

    RPAREN          reduce using rule 2 (empty -> .)
    MINUS           shift and go to state 52
    NOT             shift and go to state 53
    LPAREN          shift and go to state 49
    ID              shift and go to state 48
    REAL            shift and go to state 54
    INTEGER         shift and go to state 55
    NUMBER          shift and go to state 57
    STRING          shift and go to state 58
    TRUE            shift and go to state 59
    FALSE           shift and go to state 60

    empty                          shift and go to state 106
    expression_list                shift and go to state 107
    expression                     shift and go to state 51
    literal                        shift and go to state 56

state 74

    (45) if_stmt -> IF LPAREN expression . RPAREN THEN statements endif
    (46) if_stmt -> IF LPAREN expression . RPAREN THEN statements ELSE statements endif
    (60) expression -> expression . PLUS expression
    (61) expression -> expression . MINUS expression
    (62) expression -> expression . TIMES expression
    (63) expression -> expression . DIVIDE expression
    (64) expression -> expression . POWER expression
    (65) expression -> expression . EQ expression
    (66) expression -> expression . NE expression
    (67) expression -> expression . LT expression
    (68) expression -> expression . LE expression
    (69) expression -> expression . GT expression
    (70) expression -> expression . GE expression
    (71) expression -> expression . AND expression
    (72) expression -> expression . OR expression

    RPAREN          shift and go to state 108
    PLUS            shift and go to state 80
    MINUS           shift and go to state 81
    TIMES           shift and go to state 82
    DIVIDE          shift and go to state 83
    POWER           shift and go to state 84
    EQ              shift and go to state 85
    NE              shift and go to state 86
    LT              shift and go to state 87
    LE              shift and go to state 88
    GT              shift and go to state 89
    GE              shift and go to state 90
    AND             shift and go to state 91
    OR              shift and go to state 92


state 75

    (49) do_stmt -> DO NUMBER ID . EQUALS expression COMMA expression
    (50) do_stmt -> DO NUMBER ID . EQUALS expression COMMA expression COMMA expression

    EQUALS          shift and go to state 109


state 76

    (77) expression -> ID LPAREN . expression_list RPAREN
    (36) expression_list -> . expression_list COMMA expression
    (37) expression_list -> . expression
    (60) expression -> . expression PLUS expression
    (61) expression -> . expression MINUS expression
    (62) expression -> . expression TIMES expression
    (63) expression -> . expression DIVIDE expression
    (64) expression -> . expression POWER expression
    (65) expression -> . expression EQ expression
    (66) expression -> . expression NE expression
    (67) expression -> . expression LT expression
    (68) expression -> . expression LE expression
    (69) expression -> . expression GT expression
    (70) expression -> . expression GE expression
    (71) expression -> . expression AND expression
    (72) expression -> . expression OR expression
    (73) expression -> . MINUS expression
    (74) expression -> . NOT expression
    (75) expression -> . LPAREN expression RPAREN
    (76) expression -> . ID
    (77) expression -> . ID LPAREN expression_list RPAREN
    (78) expression -> . REAL LPAREN expression_list RPAREN
    (79) expression -> . INTEGER LPAREN expression_list RPAREN
    (80) expression -> . literal
    (81) literal -> . NUMBER
    (82) literal -> . STRING
    (83) literal -> . TRUE
    (84) literal -> . FALSE

    MINUS           shift and go to state 52
    NOT             shift and go to state 53
    LPAREN          shift and go to state 49
    ID              shift and go to state 48
    REAL            shift and go to state 54
    INTEGER         shift and go to state 55
    NUMBER          shift and go to state 57
    STRING          shift and go to state 58
    TRUE            shift and go to state 59
    FALSE           shift and go to state 60

    expression_list                shift and go to state 110
    expression                     shift and go to state 51
    literal                        shift and go to state 56

state 77

    (75) expression -> LPAREN expression . RPAREN
    (60) expression -> expression . PLUS expression
    (61) expression -> expression . MINUS expression
    (62) expression -> expression . TIMES expression
    (63) expression -> expression . DIVIDE expression
    (64) expression -> expression . POWER expression
    (65) expression -> expression . EQ expression
    (66) expression -> expression . NE expression
    (67) expression -> expression . LT expression
    (68) expression -> expression . LE expression
    (69) expression -> expression . GT expression
    (70) expression -> expression . GE expression
    (71) expression -> expression . AND expression
    (72) expression -> expression . OR expression

    RPAREN          shift and go to state 111
    PLUS            shift and go to state 80
    MINUS           shift and go to state 81
    TIMES           shift and go to state 82
    DIVIDE          shift and go to state 83
    POWER           shift and go to state 84
    EQ              shift and go to state 85
    NE              shift and go to state 86
    LT              shift and go to state 87
    LE              shift and go to state 88
    GT              shift and go to state 89
    GE              shift and go to state 90
    AND             shift and go to state 91
    OR              shift and go to state 92


state 78

    (35) varref -> ID LPAREN expression_list RPAREN .

    EQUALS          reduce using rule 35 (varref -> ID LPAREN expression_list RPAREN .)
    COMMA           reduce using rule 35 (varref -> ID LPAREN expression_list RPAREN .)
    END             reduce using rule 35 (varref -> ID LPAREN expression_list RPAREN .)
    PRINT           reduce using rule 35 (varref -> ID LPAREN expression_list RPAREN .)
    READ            reduce using rule 35 (varref -> ID LPAREN expression_list RPAREN .)
    CALL            reduce using rule 35 (varref -> ID LPAREN expression_list RPAREN .)
    IF              reduce using rule 35 (varref -> ID LPAREN expression_list RPAREN .)
    DO              reduce using rule 35 (varref -> ID LPAREN expression_list RPAREN .)
    GOTO            reduce using rule 35 (varref -> ID LPAREN expression_list RPAREN .)
    NUMBER          reduce using rule 35 (varref -> ID LPAREN expression_list RPAREN .)
    CONTINUE        reduce using rule 35 (varref -> ID LPAREN expression_list RPAREN .)
    RETURN          reduce using rule 35 (varref -> ID LPAREN expression_list RPAREN .)
    ID              reduce using rule 35 (varref -> ID LPAREN expression_list RPAREN .)
    ELSE            reduce using rule 35 (varref -> ID LPAREN expression_list RPAREN .)
    ENDIF           reduce using rule 35 (varref -> ID LPAREN expression_list RPAREN .)


state 79

    (36) expression_list -> expression_list COMMA . expression
    (60) expression -> . expression PLUS expression
    (61) expression -> . expression MINUS expression
    (62) expression -> . expression TIMES expression
    (63) expression -> . expression DIVIDE expression
    (64) expression -> . expression POWER expression
    (65) expression -> . expression EQ expression
    (66) expression -> . expression NE expression
    (67) expression -> . expression LT expression
    (68) expression -> . expression LE expression
    (69) expression -> . expression GT expression
    (70) expression -> . expression GE expression
    (71) expression -> . expression AND expression
    (72) expression -> . expression OR expression
    (73) expression -> . MINUS expression
    (74) expression -> . NOT expression
    (75) expression -> . LPAREN expression RPAREN
    (76) expression -> . ID
    (77) expression -> . ID LPAREN expression_list RPAREN
    (78) expression -> . REAL LPAREN expression_list RPAREN
    (79) expression -> . INTEGER LPAREN expression_list RPAREN
    (80) expression -> . literal
    (81) literal -> . NUMBER
    (82) literal -> . STRING
    (83) literal -> . TRUE
    (84) literal -> . FALSE

    MINUS           shift and go to state 52
    NOT             shift and go to state 53
    LPAREN          shift and go to state 49
    ID              shift and go to state 48
    REAL            shift and go to state 54
    INTEGER         shift and go to state 55
    NUMBER          shift and go to state 57
    STRING          shift and go to state 58
    TRUE            shift and go to state 59
    FALSE           shift and go to state 60

    expression                     shift and go to state 112
    literal                        shift and go to state 56

state 80

    (60) expression -> expression PLUS . expression
    (60) expression -> . expression PLUS expression
    (61) expression -> . expression MINUS expression
    (62) expression -> . expression TIMES expression
    (63) expression -> . expression DIVIDE expression
    (64) expression -> . expression POWER expression
    (65) expression -> . expression EQ expression
    (66) expression -> . expression NE expression
    (67) expression -> . expression LT expression
    (68) expression -> . expression LE expression
    (69) expression -> . expression GT expression
    (70) expression -> . expression GE expression
    (71) expression -> . expression AND expression
    (72) expression -> . expression OR expression
    (73) expression -> . MINUS expression
    (74) expression -> . NOT expression
    (75) expression -> . LPAREN expression RPAREN
    (76) expression -> . ID
    (77) expression -> . ID LPAREN expression_list RPAREN
    (78) expression -> . REAL LPAREN expression_list RPAREN
    (79) expression -> . INTEGER LPAREN expression_list RPAREN
    (80) expression -> . literal
    (81) literal -> . NUMBER
    (82) literal -> . STRING
    (83) literal -> . TRUE
    (84) literal -> . FALSE

    MINUS           shift and go to state 52
    NOT             shift and go to state 53
    LPAREN          shift and go to state 49
    ID              shift and go to state 48
    REAL            shift and go to state 54
    INTEGER         shift and go to state 55
    NUMBER          shift and go to state 57
    STRING          shift and go to state 58
    TRUE            shift and go to state 59
    FALSE           shift and go to state 60

    expression                     shift and go to state 113
    literal                        shift and go to state 56

state 81

    (61) expression -> expression MINUS . expression
    (60) expression -> . expression PLUS expression
    (61) expression -> . expression MINUS expression
    (62) expression -> . expression TIMES expression
    (63) expression -> . expression DIVIDE expression
    (64) expression -> . expression POWER expression
    (65) expression -> . expression EQ expression
    (66) expression -> . expression NE expression
    (67) expression -> . expression LT expression
    (68) expression -> . expression LE expression
    (69) expression -> . expression GT expression
    (70) expression -> . expression GE expression
    (71) expression -> . expression AND expression
    (72) expression -> . expression OR expression
    (73) expression -> . MINUS expression
    (74) expression -> . NOT expression
    (75) expression -> . LPAREN expression RPAREN
    (76) expression -> . ID
    (77) expression -> . ID LPAREN expression_list RPAREN
    (78) expression -> . REAL LPAREN expression_list RPAREN
    (79) expression -> . INTEGER LPAREN expression_list RPAREN
    (80) expression -> . literal
    (81) literal -> . NUMBER
    (82) literal -> . STRING
    (83) literal -> . TRUE
    (84) literal -> . FALSE

    MINUS           shift and go to state 52
    NOT             shift and go to state 53
    LPAREN          shift and go to state 49
    ID              shift and go to state 48
    REAL            shift and go to state 54
    INTEGER         shift and go to state 55
    NUMBER          shift and go to state 57
    STRING          shift and go to state 58
    TRUE            shift and go to state 59
    FALSE           shift and go to state 60

    expression                     shift and go to state 114
    literal                        shift and go to state 56

state 82

    (62) expression -> expression TIMES . expression
    (60) expression -> . expression PLUS expression
    (61) expression -> . expression MINUS expression
    (62) expression -> . expression TIMES expression
    (63) expression -> . expression DIVIDE expression
    (64) expression -> . expression POWER expression
    (65) expression -> . expression EQ expression
    (66) expression -> . expression NE expression
    (67) expression -> . expression LT expression
    (68) expression -> . expression LE expression
    (69) expression -> . expression GT expression
    (70) expression -> . expression GE expression
    (71) expression -> . expression AND expression
    (72) expression -> . expression OR expression
    (73) expression -> . MINUS expression
    (74) expression -> . NOT expression
    (75) expression -> . LPAREN expression RPAREN
    (76) expression -> . ID
    (77) expression -> . ID LPAREN expression_list RPAREN
    (78) expression -> . REAL LPAREN expression_list RPAREN
    (79) expression -> . INTEGER LPAREN expression_list RPAREN
    (80) expression -> . literal
    (81) literal -> . NUMBER
    (82) literal -> . STRING
    (83) literal -> . TRUE
    (84) literal -> . FALSE

    MINUS           shift and go to state 52
    NOT             shift and go to state 53
    LPAREN          shift and go to state 49
    ID              shift and go to state 48
    REAL            shift and go to state 54
    INTEGER         shift and go to state 55
    NUMBER          shift and go to state 57
    STRING          shift and go to state 58
    TRUE            shift and go to state 59
    FALSE           shift and go to state 60

    expression                     shift and go to state 115
    literal                        shift and go to state 56

state 83

    (63) expression -> expression DIVIDE . expression
    (60) expression -> . expression PLUS expression
    (61) expression -> . expression MINUS expression
    (62) expression -> . expression TIMES expression
    (63) expression -> . expression DIVIDE expression
    (64) expression -> . expression POWER expression
    (65) expression -> . expression EQ expression
    (66) expression -> . expression NE expression
    (67) expression -> . expression LT expression
    (68) expression -> . expression LE expression
    (69) expression -> . expression GT expression
    (70) expression -> . expression GE expression
    (71) expression -> . expression AND expression
    (72) expression -> . expression OR expression
    (73) expression -> . MINUS expression
    (74) expression -> . NOT expression
    (75) expression -> . LPAREN expression RPAREN
    (76) expression -> . ID
    (77) expression -> . ID LPAREN expression_list RPAREN
    (78) expression -> . REAL LPAREN expression_list RPAREN
    (79) expression -> . INTEGER LPAREN expression_list RPAREN
    (80) expression -> . literal
    (81) literal -> . NUMBER
    (82) literal -> . STRING
    (83) literal -> . TRUE
    (84) literal -> . FALSE

    MINUS           shift and go to state 52
    NOT             shift and go to state 53
    LPAREN          shift and go to state 49
    ID              shift and go to state 48
    REAL            shift and go to state 54
    INTEGER         shift and go to state 55
    NUMBER          shift and go to state 57
    STRING          shift and go to state 58
    TRUE            shift and go to state 59
    FALSE           shift and go to state 60

    expression                     shift and go to state 116
    literal                        shift and go to state 56

state 84

    (64) expression -> expression POWER . expression
    (60) expression -> . expression PLUS expression
    (61) expression -> . expression MINUS expression
    (62) expression -> . expression TIMES expression
    (63) expression -> . expression DIVIDE expression
    (64) expression -> . expression POWER expression
    (65) expression -> . expression EQ expression
    (66) expression -> . expression NE expression
    (67) expression -> . expression LT expression
    (68) expression -> . expression LE expression
    (69) expression -> . expression GT expression
    (70) expression -> . expression GE expression
    (71) expression -> . expression AND expression
    (72) expression -> . expression OR expression
    (73) expression -> . MINUS expression
    (74) expression -> . NOT expression
    (75) expression -> . LPAREN expression RPAREN
    (76) expression -> . ID
    (77) expression -> . ID LPAREN expression_list RPAREN
    (78) expression -> . REAL LPAREN expression_list RPAREN
    (79) expression -> . INTEGER LPAREN expression_list RPAREN
    (80) expression -> . literal
    (81) literal -> . NUMBER
    (82) literal -> . STRING
    (83) literal -> . TRUE
    (84) literal -> . FALSE

    MINUS           shift and go to state 52
    NOT             shift and go to state 53
    LPAREN          shift and go to state 49
    ID              shift and go to state 48
    REAL            shift and go to state 54
    INTEGER         shift and go to state 55
    NUMBER          shift and go to state 57
    STRING          shift and go to state 58
    TRUE            shift and go to state 59
    FALSE           shift and go to state 60

    expression                     shift and go to state 117
    literal                        shift and go to state 56

state 85

    (65) expression -> expression EQ . expression
    (60) expression -> . expression PLUS expression
    (61) expression -> . expression MINUS expression
    (62) expression -> . expression TIMES expression
    (63) expression -> . expression DIVIDE expression
    (64) expression -> . expression POWER expression
    (65) expression -> . expression EQ expression
    (66) expression -> . expression NE expression
    (67) expression -> . expression LT expression
    (68) expression -> . expression LE expression
    (69) expression -> . expression GT expression
    (70) expression -> . expression GE expression
    (71) expression -> . expression AND expression
    (72) expression -> . expression OR expression
    (73) expression -> . MINUS expression
    (74) expression -> . NOT expression
    (75) expression -> . LPAREN expression RPAREN
    (76) expression -> . ID
    (77) expression -> . ID LPAREN expression_list RPAREN
    (78) expression -> . REAL LPAREN expression_list RPAREN
    (79) expression -> . INTEGER LPAREN expression_list RPAREN
    (80) expression -> . literal
    (81) literal -> . NUMBER
    (82) literal -> . STRING
    (83) literal -> . TRUE
    (84) literal -> . FALSE

    MINUS           shift and go to state 52
    NOT             shift and go to state 53
    LPAREN          shift and go to state 49
    ID              shift and go to state 48
    REAL            shift and go to state 54
    INTEGER         shift and go to state 55
    NUMBER          shift and go to state 57
    STRING          shift and go to state 58
    TRUE            shift and go to state 59
    FALSE           shift and go to state 60

    expression                     shift and go to state 118
    literal                        shift and go to state 56

state 86

    (66) expression -> expression NE . expression
    (60) expression -> . expression PLUS expression
    (61) expression -> . expression MINUS expression
    (62) expression -> . expression TIMES expression
    (63) expression -> . expression DIVIDE expression
    (64) expression -> . expression POWER expression
    (65) expression -> . expression EQ expression
    (66) expression -> . expression NE expression
    (67) expression -> . expression LT expression
    (68) expression -> . expression LE expression
    (69) expression -> . expression GT expression
    (70) expression -> . expression GE expression
    (71) expression -> . expression AND expression
    (72) expression -> . expression OR expression
    (73) expression -> . MINUS expression
    (74) expression -> . NOT expression
    (75) expression -> . LPAREN expression RPAREN
    (76) expression -> . ID
    (77) expression -> . ID LPAREN expression_list RPAREN
    (78) expression -> . REAL LPAREN expression_list RPAREN
    (79) expression -> . INTEGER LPAREN expression_list RPAREN
    (80) expression -> . literal
    (81) literal -> . NUMBER
    (82) literal -> . STRING
    (83) literal -> . TRUE
    (84) literal -> . FALSE

    MINUS           shift and go to state 52
    NOT             shift and go to state 53
    LPAREN          shift and go to state 49
    ID              shift and go to state 48
    REAL            shift and go to state 54
    INTEGER         shift and go to state 55
    NUMBER          shift and go to state 57
    STRING          shift and go to state 58
    TRUE            shift and go to state 59
    FALSE           shift and go to state 60

    expression                     shift and go to state 119
    literal                        shift and go to state 56

state 87

    (67) expression -> expression LT . expression
    (60) expression -> . expression PLUS expression
    (61) expression -> . expression MINUS expression
    (62) expression -> . expression TIMES expression
    (63) expression -> . expression DIVIDE expression
    (64) expression -> . expression POWER expression
    (65) expression -> . expression EQ expression
    (66) expression -> . expression NE expression
    (67) expression -> . expression LT expression
    (68) expression -> . expression LE expression
    (69) expression -> . expression GT expression
    (70) expression -> . expression GE expression
    (71) expression -> . expression AND expression
    (72) expression -> . expression OR expression
    (73) expression -> . MINUS expression
    (74) expression -> . NOT expression
    (75) expression -> . LPAREN expression RPAREN
    (76) expression -> . ID
    (77) expression -> . ID LPAREN expression_list RPAREN
    (78) expression -> . REAL LPAREN expression_list RPAREN
    (79) expression -> . INTEGER LPAREN expression_list RPAREN
    (80) expression -> . literal
    (81) literal -> . NUMBER
    (82) literal -> . STRING
    (83) literal -> . TRUE
    (84) literal -> . FALSE

    MINUS           shift and go to state 52
    NOT             shift and go to state 53
    LPAREN          shift and go to state 49
    ID              shift and go to state 48
    REAL            shift and go to state 54
    INTEGER         shift and go to state 55
    NUMBER          shift and go to state 57
    STRING          shift and go to state 58
    TRUE            shift and go to state 59
    FALSE           shift and go to state 60

    expression                     shift and go to state 120
    literal                        shift and go to state 56

state 88

    (68) expression -> expression LE . expression
    (60) expression -> . expression PLUS expression
    (61) expression -> . expression MINUS expression
    (62) expression -> . expression TIMES expression
    (63) expression -> . expression DIVIDE expression
    (64) expression -> . expression POWER expression
    (65) expression -> . expression EQ expression
    (66) expression -> . expression NE expression
    (67) expression -> . expression LT expression
    (68) expression -> . expression LE expression
    (69) expression -> . expression GT expression
    (70) expression -> . expression GE expression
    (71) expression -> . expression AND expression
    (72) expression -> . expression OR expression
    (73) expression -> . MINUS expression
    (74) expression -> . NOT expression
    (75) expression -> . LPAREN expression RPAREN
    (76) expression -> . ID
    (77) expression -> . ID LPAREN expression_list RPAREN
    (78) expression -> . REAL LPAREN expression_list RPAREN
    (79) expression -> . INTEGER LPAREN expression_list RPAREN
    (80) expression -> . literal
    (81) literal -> . NUMBER
    (82) literal -> . STRING
    (83) literal -> . TRUE
    (84) literal -> . FALSE

    MINUS           shift and go to state 52
    NOT             shift and go to state 53
    LPAREN          shift and go to state 49
    ID              shift and go to state 48
    REAL            shift and go to state 54
    INTEGER         shift and go to state 55
    NUMBER          shift and go to state 57
    STRING          shift and go to state 58
    TRUE            shift and go to state 59
    FALSE           shift and go to state 60

    expression                     shift and go to state 121
    literal                        shift and go to state 56

state 89

    (69) expression -> expression GT . expression
    (60) expression -> . expression PLUS expression
    (61) expression -> . expression MINUS expression
    (62) expression -> . expression TIMES expression
    (63) expression -> . expression DIVIDE expression
    (64) expression -> . expression POWER expression
    (65) expression -> . expression EQ expression
    (66) expression -> . expression NE expression
    (67) expression -> . expression LT expression
    (68) expression -> . expression LE expression
    (69) expression -> . expression GT expression
    (70) expression -> . expression GE expression
    (71) expression -> . expression AND expression
    (72) expression -> . expression OR expression
    (73) expression -> . MINUS expression
    (74) expression -> . NOT expression
    (75) expression -> . LPAREN expression RPAREN
    (76) expression -> . ID
    (77) expression -> . ID LPAREN expression_list RPAREN
    (78) expression -> . REAL LPAREN expression_list RPAREN
    (79) expression -> . INTEGER LPAREN expression_list RPAREN
    (80) expression -> . literal
    (81) literal -> . NUMBER
    (82) literal -> . STRING
    (83) literal -> . TRUE
    (84) literal -> . FALSE

    MINUS           shift and go to state 52
    NOT             shift and go to state 53
    LPAREN          shift and go to state 49
    ID              shift and go to state 48
    REAL            shift and go to state 54
    INTEGER         shift and go to state 55
    NUMBER          shift and go to state 57
    STRING          shift and go to state 58
    TRUE            shift and go to state 59
    FALSE           shift and go to state 60

    expression                     shift and go to state 122
    literal                        shift and go to state 56

state 90

    (70) expression -> expression GE . expression
    (60) expression -> . expression PLUS expression
    (61) expression -> . expression MINUS expression
    (62) expression -> . expression TIMES expression
    (63) expression -> . expression DIVIDE expression
    (64) expression -> . expression POWER expression
    (65) expression -> . expression EQ expression
    (66) expression -> . expression NE expression
    (67) expression -> . expression LT expression
    (68) expression -> . expression LE expression
    (69) expression -> . expression GT expression
    (70) expression -> . expression GE expression
    (71) expression -> . expression AND expression
    (72) expression -> . expression OR expression
    (73) expression -> . MINUS expression
    (74) expression -> . NOT expression
    (75) expression -> . LPAREN expression RPAREN
    (76) expression -> . ID
    (77) expression -> . ID LPAREN expression_list RPAREN
    (78) expression -> . REAL LPAREN expression_list RPAREN
    (79) expression -> . INTEGER LPAREN expression_list RPAREN
    (80) expression -> . literal
    (81) literal -> . NUMBER
    (82) literal -> . STRING
    (83) literal -> . TRUE
    (84) literal -> . FALSE

    MINUS           shift and go to state 52
    NOT             shift and go to state 53
    LPAREN          shift and go to state 49
    ID              shift and go to state 48
    REAL            shift and go to state 54
    INTEGER         shift and go to state 55
    NUMBER          shift and go to state 57
    STRING          shift and go to state 58
    TRUE            shift and go to state 59
    FALSE           shift and go to state 60

    expression                     shift and go to state 123
    literal                        shift and go to state 56

state 91

    (71) expression -> expression AND . expression
    (60) expression -> . expression PLUS expression
    (61) expression -> . expression MINUS expression
    (62) expression -> . expression TIMES expression
    (63) expression -> . expression DIVIDE expression
    (64) expression -> . expression POWER expression
    (65) expression -> . expression EQ expression
    (66) expression -> . expression NE expression
    (67) expression -> . expression LT expression
    (68) expression -> . expression LE expression
    (69) expression -> . expression GT expression
    (70) expression -> . expression GE expression
    (71) expression -> . expression AND expression
    (72) expression -> . expression OR expression
    (73) expression -> . MINUS expression
    (74) expression -> . NOT expression
    (75) expression -> . LPAREN expression RPAREN
    (76) expression -> . ID
    (77) expression -> . ID LPAREN expression_list RPAREN
    (78) expression -> . REAL LPAREN expression_list RPAREN
    (79) expression -> . INTEGER LPAREN expression_list RPAREN
    (80) expression -> . literal
    (81) literal -> . NUMBER
    (82) literal -> . STRING
    (83) literal -> . TRUE
    (84) literal -> . FALSE

    MINUS           shift and go to state 52
    NOT             shift and go to state 53
    LPAREN          shift and go to state 49
    ID              shift and go to state 48
    REAL            shift and go to state 54
    INTEGER         shift and go to state 55
    NUMBER          shift and go to state 57
    STRING          shift and go to state 58
    TRUE            shift and go to state 59
    FALSE           shift and go to state 60

    expression                     shift and go to state 124
    literal                        shift and go to state 56

state 92

    (72) expression -> expression OR . expression
    (60) expression -> . expression PLUS expression
    (61) expression -> . expression MINUS expression
    (62) expression -> . expression TIMES expression
    (63) expression -> . expression DIVIDE expression
    (64) expression -> . expression POWER expression
    (65) expression -> . expression EQ expression
    (66) expression -> . expression NE expression
    (67) expression -> . expression LT expression
    (68) expression -> . expression LE expression
    (69) expression -> . expression GT expression
    (70) expression -> . expression GE expression
    (71) expression -> . expression AND expression
    (72) expression -> . expression OR expression
    (73) expression -> . MINUS expression
    (74) expression -> . NOT expression
    (75) expression -> . LPAREN expression RPAREN
    (76) expression -> . ID
    (77) expression -> . ID LPAREN expression_list RPAREN
    (78) expression -> . REAL LPAREN expression_list RPAREN
    (79) expression -> . INTEGER LPAREN expression_list RPAREN
    (80) expression -> . literal
    (81) literal -> . NUMBER
    (82) literal -> . STRING
    (83) literal -> . TRUE
    (84) literal -> . FALSE

    MINUS           shift and go to state 52
    NOT             shift and go to state 53
    LPAREN          shift and go to state 49
    ID              shift and go to state 48
    REAL            shift and go to state 54
    INTEGER         shift and go to state 55
    NUMBER          shift and go to state 57
    STRING          shift and go to state 58
    TRUE            shift and go to state 59
    FALSE           shift and go to state 60

    expression                     shift and go to state 125
    literal                        shift and go to state 56

state 93

    (73) expression -> MINUS expression .
    (60) expression -> expression . PLUS expression
    (61) expression -> expression . MINUS expression
    (62) expression -> expression . TIMES expression
    (63) expression -> expression . DIVIDE expression
    (64) expression -> expression . POWER expression
    (65) expression -> expression . EQ expression
    (66) expression -> expression . NE expression
    (67) expression -> expression . LT expression
    (68) expression -> expression . LE expression
    (69) expression -> expression . GT expression
    (70) expression -> expression . GE expression
    (71) expression -> expression . AND expression
    (72) expression -> expression . OR expression

    PLUS            reduce using rule 73 (expression -> MINUS expression .)
    MINUS           reduce using rule 73 (expression -> MINUS expression .)
    TIMES           reduce using rule 73 (expression -> MINUS expression .)
    DIVIDE          reduce using rule 73 (expression -> MINUS expression .)
    POWER           reduce using rule 73 (expression -> MINUS expression .)
    EQ              reduce using rule 73 (expression -> MINUS expression .)
    NE              reduce using rule 73 (expression -> MINUS expression .)
    LT              reduce using rule 73 (expression -> MINUS expression .)
    LE              reduce using rule 73 (expression -> MINUS expression .)
    GT              reduce using rule 73 (expression -> MINUS expression .)
    GE              reduce using rule 73 (expression -> MINUS expression .)
    AND             reduce using rule 73 (expression -> MINUS expression .)
    OR              reduce using rule 73 (expression -> MINUS expression .)
    RPAREN          reduce using rule 73 (expression -> MINUS expression .)
    COMMA           reduce using rule 73 (expression -> MINUS expression .)
    END             reduce using rule 73 (expression -> MINUS expression .)
    PRINT           reduce using rule 73 (expression -> MINUS expression .)
    READ            reduce using rule 73 (expression -> MINUS expression .)
    CALL            reduce using rule 73 (expression -> MINUS expression .)
    IF              reduce using rule 73 (expression -> MINUS expression .)
    DO              reduce using rule 73 (expression -> MINUS expression .)
    GOTO            reduce using rule 73 (expression -> MINUS expression .)
    NUMBER          reduce using rule 73 (expression -> MINUS expression .)
    CONTINUE        reduce using rule 73 (expression -> MINUS expression .)
    RETURN          reduce using rule 73 (expression -> MINUS expression .)
    ID              reduce using rule 73 (expression -> MINUS expression .)
    ELSE            reduce using rule 73 (expression -> MINUS expression .)
    ENDIF           reduce using rule 73 (expression -> MINUS expression .)

  ! PLUS            [ shift and go to state 80 ]
  ! MINUS           [ shift and go to state 81 ]
  ! TIMES           [ shift and go to state 82 ]
  ! DIVIDE          [ shift and go to state 83 ]
  ! POWER           [ shift and go to state 84 ]
  ! EQ              [ shift and go to state 85 ]
  ! NE              [ shift and go to state 86 ]
  ! LT              [ shift and go to state 87 ]
  ! LE              [ shift and go to state 88 ]
  ! GT              [ shift and go to state 89 ]
  ! GE              [ shift and go to state 90 ]
  ! AND             [ shift and go to state 91 ]
  ! OR              [ shift and go to state 92 ]


state 94

    (74) expression -> NOT expression .
    (60) expression -> expression . PLUS expression
    (61) expression -> expression . MINUS expression
    (62) expression -> expression . TIMES expression
    (63) expression -> expression . DIVIDE expression
    (64) expression -> expression . POWER expression
    (65) expression -> expression . EQ expression
    (66) expression -> expression . NE expression
    (67) expression -> expression . LT expression
    (68) expression -> expression . LE expression
    (69) expression -> expression . GT expression
    (70) expression -> expression . GE expression
    (71) expression -> expression . AND expression
    (72) expression -> expression . OR expression

    AND             reduce using rule 74 (expression -> NOT expression .)
    OR              reduce using rule 74 (expression -> NOT expression .)
    RPAREN          reduce using rule 74 (expression -> NOT expression .)
    COMMA           reduce using rule 74 (expression -> NOT expression .)
    END             reduce using rule 74 (expression -> NOT expression .)
    PRINT           reduce using rule 74 (expression -> NOT expression .)
    READ            reduce using rule 74 (expression -> NOT expression .)
    CALL            reduce using rule 74 (expression -> NOT expression .)
    IF              reduce using rule 74 (expression -> NOT expression .)
    DO              reduce using rule 74 (expression -> NOT expression .)
    GOTO            reduce using rule 74 (expression -> NOT expression .)
    NUMBER          reduce using rule 74 (expression -> NOT expression .)
    CONTINUE        reduce using rule 74 (expression -> NOT expression .)
    RETURN          reduce using rule 74 (expression -> NOT expression .)
    ID              reduce using rule 74 (expression -> NOT expression .)
    ELSE            reduce using rule 74 (expression -> NOT expression .)
    ENDIF           reduce using rule 74 (expression -> NOT expression .)
    PLUS            shift and go to state 80
    MINUS           shift and go to state 81
    TIMES           shift and go to state 82
    DIVIDE          shift and go to state 83
    POWER           shift and go to state 84
    EQ              shift and go to state 85
    NE              shift and go to state 86
    LT              shift and go to state 87
    LE              shift and go to state 88
    GT              shift and go to state 89
    GE              shift and go to state 90

  ! PLUS            [ reduce using rule 74 (expression -> NOT expression .) ]
  ! MINUS           [ reduce using rule 74 (expression -> NOT expression .) ]
  ! TIMES           [ reduce using rule 74 (expression -> NOT expression .) ]
  ! DIVIDE          [ reduce using rule 74 (expression -> NOT expression .) ]
  ! POWER           [ reduce using rule 74 (expression -> NOT expression .) ]
  ! EQ              [ reduce using rule 74 (expression -> NOT expression .) ]
  ! NE              [ reduce using rule 74 (expression -> NOT expression .) ]
  ! LT              [ reduce using rule 74 (expression -> NOT expression .) ]
  ! LE              [ reduce using rule 74 (expression -> NOT expression .) ]
  ! GT              [ reduce using rule 74 (expression -> NOT expression .) ]
  ! GE              [ reduce using rule 74 (expression -> NOT expression .) ]
  ! AND             [ shift and go to state 91 ]
  ! OR              [ shift and go to state 92 ]


state 95

    (78) expression -> REAL LPAREN . expression_list RPAREN
    (36) expression_list -> . expression_list COMMA expression
    (37) expression_list -> . expression
    (60) expression -> . expression PLUS expression
    (61) expression -> . expression MINUS expression
    (62) expression -> . expression TIMES expression
    (63) expression -> . expression DIVIDE expression
    (64) expression -> . expression POWER expression
    (65) expression -> . expression EQ expression
    (66) expression -> . expression NE expression
    (67) expression -> . expression LT expression
    (68) expression -> . expression LE expression
    (69) expression -> . expression GT expression
    (70) expression -> . expression GE expression
    (71) expression -> . expression AND expression
    (72) expression -> . expression OR expression
    (73) expression -> . MINUS expression
    (74) expression -> . NOT expression
    (75) expression -> . LPAREN expression RPAREN
    (76) expression -> . ID
    (77) expression -> . ID LPAREN expression_list RPAREN
    (78) expression -> . REAL LPAREN expression_list RPAREN
    (79) expression -> . INTEGER LPAREN expression_list RPAREN
    (80) expression -> . literal
    (81) literal -> . NUMBER
    (82) literal -> . STRING
    (83) literal -> . TRUE
    (84) literal -> . FALSE

    MINUS           shift and go to state 52
    NOT             shift and go to state 53
    LPAREN          shift and go to state 49
    ID              shift and go to state 48
    REAL            shift and go to state 54
    INTEGER         shift and go to state 55
    NUMBER          shift and go to state 57
    STRING          shift and go to state 58
    TRUE            shift and go to state 59
    FALSE           shift and go to state 60

    expression_list                shift and go to state 126
    expression                     shift and go to state 51
    literal                        shift and go to state 56

state 96

    (79) expression -> INTEGER LPAREN . expression_list RPAREN
    (36) expression_list -> . expression_list COMMA expression
    (37) expression_list -> . expression
    (60) expression -> . expression PLUS expression
    (61) expression -> . expression MINUS expression
    (62) expression -> . expression TIMES expression
    (63) expression -> . expression DIVIDE expression
    (64) expression -> . expression POWER expression
    (65) expression -> . expression EQ expression
    (66) expression -> . expression NE expression
    (67) expression -> . expression LT expression
    (68) expression -> . expression LE expression
    (69) expression -> . expression GT expression
    (70) expression -> . expression GE expression
    (71) expression -> . expression AND expression
    (72) expression -> . expression OR expression
    (73) expression -> . MINUS expression
    (74) expression -> . NOT expression
    (75) expression -> . LPAREN expression RPAREN
    (76) expression -> . ID
    (77) expression -> . ID LPAREN expression_list RPAREN
    (78) expression -> . REAL LPAREN expression_list RPAREN
    (79) expression -> . INTEGER LPAREN expression_list RPAREN
    (80) expression -> . literal
    (81) literal -> . NUMBER
    (82) literal -> . STRING
    (83) literal -> . TRUE
    (84) literal -> . FALSE

    MINUS           shift and go to state 52
    NOT             shift and go to state 53
    LPAREN          shift and go to state 49
    ID              shift and go to state 48
    REAL            shift and go to state 54
    INTEGER         shift and go to state 55
    NUMBER          shift and go to state 57
    STRING          shift and go to state 58
    TRUE            shift and go to state 59
    FALSE           shift and go to state 60

    expression_list                shift and go to state 127
    expression                     shift and go to state 51
    literal                        shift and go to state 56

state 97

    (5) function_defs -> function_defs function_def .

    SUBROUTINE      reduce using rule 5 (function_defs -> function_defs function_def .)
    INTEGER         reduce using rule 5 (function_defs -> function_defs function_def .)
    REAL            reduce using rule 5 (function_defs -> function_defs function_def .)
    LOGICAL         reduce using rule 5 (function_defs -> function_defs function_def .)
    $end            reduce using rule 5 (function_defs -> function_defs function_def .)


state 98

    (57) function_defs -> function_defs subroutine_def .

    SUBROUTINE      reduce using rule 57 (function_defs -> function_defs subroutine_def .)
    INTEGER         reduce using rule 57 (function_defs -> function_defs subroutine_def .)
    REAL            reduce using rule 57 (function_defs -> function_defs subroutine_def .)
    LOGICAL         reduce using rule 57 (function_defs -> function_defs subroutine_def .)
    $end            reduce using rule 57 (function_defs -> function_defs subroutine_def .)


state 99

    (51) function_def -> type FUNCTION . ID LPAREN param_list RPAREN declarations_opt function_items END

    ID              shift and go to state 128


state 100

    (52) subroutine_def -> SUBROUTINE ID . LPAREN param_list RPAREN declarations_opt function_items END

    LPAREN          shift and go to state 129


state 101

    (25) declarator_list -> declarator_list COMMA declarator .

    COMMA           reduce using rule 25 (declarator_list -> declarator_list COMMA declarator .)
    INTEGER         reduce using rule 25 (declarator_list -> declarator_list COMMA declarator .)
    REAL            reduce using rule 25 (declarator_list -> declarator_list COMMA declarator .)
    LOGICAL         reduce using rule 25 (declarator_list -> declarator_list COMMA declarator .)
    PRINT           reduce using rule 25 (declarator_list -> declarator_list COMMA declarator .)
    READ            reduce using rule 25 (declarator_list -> declarator_list COMMA declarator .)
    CALL            reduce using rule 25 (declarator_list -> declarator_list COMMA declarator .)
    IF              reduce using rule 25 (declarator_list -> declarator_list COMMA declarator .)
    DO              reduce using rule 25 (declarator_list -> declarator_list COMMA declarator .)
    GOTO            reduce using rule 25 (declarator_list -> declarator_list COMMA declarator .)
    NUMBER          reduce using rule 25 (declarator_list -> declarator_list COMMA declarator .)
    CONTINUE        reduce using rule 25 (declarator_list -> declarator_list COMMA declarator .)
    RETURN          reduce using rule 25 (declarator_list -> declarator_list COMMA declarator .)
    ID              reduce using rule 25 (declarator_list -> declarator_list COMMA declarator .)
    RPAREN          reduce using rule 25 (declarator_list -> declarator_list COMMA declarator .)


state 102

    (29) declarator -> ID LPAREN NUMBER . RPAREN

    RPAREN          shift and go to state 130


state 103

    (30) print_stmt -> PRINT TIMES COMMA expression_list .
    (36) expression_list -> expression_list . COMMA expression

    END             reduce using rule 30 (print_stmt -> PRINT TIMES COMMA expression_list .)
    PRINT           reduce using rule 30 (print_stmt -> PRINT TIMES COMMA expression_list .)
    READ            reduce using rule 30 (print_stmt -> PRINT TIMES COMMA expression_list .)
    CALL            reduce using rule 30 (print_stmt -> PRINT TIMES COMMA expression_list .)
    IF              reduce using rule 30 (print_stmt -> PRINT TIMES COMMA expression_list .)
    DO              reduce using rule 30 (print_stmt -> PRINT TIMES COMMA expression_list .)
    GOTO            reduce using rule 30 (print_stmt -> PRINT TIMES COMMA expression_list .)
    NUMBER          reduce using rule 30 (print_stmt -> PRINT TIMES COMMA expression_list .)
    CONTINUE        reduce using rule 30 (print_stmt -> PRINT TIMES COMMA expression_list .)
    RETURN          reduce using rule 30 (print_stmt -> PRINT TIMES COMMA expression_list .)
    ID              reduce using rule 30 (print_stmt -> PRINT TIMES COMMA expression_list .)
    ELSE            reduce using rule 30 (print_stmt -> PRINT TIMES COMMA expression_list .)
    ENDIF           reduce using rule 30 (print_stmt -> PRINT TIMES COMMA expression_list .)
    COMMA           shift and go to state 79


state 104

    (31) read_stmt -> READ TIMES COMMA varref_list .
    (32) varref_list -> varref_list . COMMA varref

    END             reduce using rule 31 (read_stmt -> READ TIMES COMMA varref_list .)
    PRINT           reduce using rule 31 (read_stmt -> READ TIMES COMMA varref_list .)
    READ            reduce using rule 31 (read_stmt -> READ TIMES COMMA varref_list .)
    CALL            reduce using rule 31 (read_stmt -> READ TIMES COMMA varref_list .)
    IF              reduce using rule 31 (read_stmt -> READ TIMES COMMA varref_list .)
    DO              reduce using rule 31 (read_stmt -> READ TIMES COMMA varref_list .)
    GOTO            reduce using rule 31 (read_stmt -> READ TIMES COMMA varref_list .)
    NUMBER          reduce using rule 31 (read_stmt -> READ TIMES COMMA varref_list .)
    CONTINUE        reduce using rule 31 (read_stmt -> READ TIMES COMMA varref_list .)
    RETURN          reduce using rule 31 (read_stmt -> READ TIMES COMMA varref_list .)
    ID              reduce using rule 31 (read_stmt -> READ TIMES COMMA varref_list .)
    ELSE            reduce using rule 31 (read_stmt -> READ TIMES COMMA varref_list .)
    ENDIF           reduce using rule 31 (read_stmt -> READ TIMES COMMA varref_list .)
    COMMA           shift and go to state 131


state 105

    (33) varref_list -> varref .

    COMMA           reduce using rule 33 (varref_list -> varref .)
    END             reduce using rule 33 (varref_list -> varref .)
    PRINT           reduce using rule 33 (varref_list -> varref .)
    READ            reduce using rule 33 (varref_list -> varref .)
    CALL            reduce using rule 33 (varref_list -> varref .)
    IF              reduce using rule 33 (varref_list -> varref .)
    DO              reduce using rule 33 (varref_list -> varref .)
    GOTO            reduce using rule 33 (varref_list -> varref .)
    NUMBER          reduce using rule 33 (varref_list -> varref .)
    CONTINUE        reduce using rule 33 (varref_list -> varref .)
    RETURN          reduce using rule 33 (varref_list -> varref .)
    ID              reduce using rule 33 (varref_list -> varref .)
    ELSE            reduce using rule 33 (varref_list -> varref .)
    ENDIF           reduce using rule 33 (varref_list -> varref .)


state 106

    (43) call_stmt -> CALL ID LPAREN empty . RPAREN

    RPAREN          shift and go to state 132


state 107

    (44) call_stmt -> CALL ID LPAREN expression_list . RPAREN
    (36) expression_list -> expression_list . COMMA expression

    RPAREN          shift and go to state 133
    COMMA           shift and go to state 79


state 108

    (45) if_stmt -> IF LPAREN expression RPAREN . THEN statements endif
    (46) if_stmt -> IF LPAREN expression RPAREN . THEN statements ELSE statements endif

    THEN            shift and go to state 134


state 109

    (49) do_stmt -> DO NUMBER ID EQUALS . expression COMMA expression
    (50) do_stmt -> DO NUMBER ID EQUALS . expression COMMA expression COMMA expression
    (60) expression -> . expression PLUS expression
    (61) expression -> . expression MINUS expression
    (62) expression -> . expression TIMES expression
    (63) expression -> . expression DIVIDE expression
    (64) expression -> . expression POWER expression
    (65) expression -> . expression EQ expression
    (66) expression -> . expression NE expression
    (67) expression -> . expression LT expression
    (68) expression -> . expression LE expression
    (69) expression -> . expression GT expression
    (70) expression -> . expression GE expression
    (71) expression -> . expression AND expression
    (72) expression -> . expression OR expression
    (73) expression -> . MINUS expression
    (74) expression -> . NOT expression
    (75) expression -> . LPAREN expression RPAREN
    (76) expression -> . ID
    (77) expression -> . ID LPAREN expression_list RPAREN
    (78) expression -> . REAL LPAREN expression_list RPAREN
    (79) expression -> . INTEGER LPAREN expression_list RPAREN
    (80) expression -> . literal
    (81) literal -> . NUMBER
    (82) literal -> . STRING
    (83) literal -> . TRUE
    (84) literal -> . FALSE

    MINUS           shift and go to state 52
    NOT             shift and go to state 53
    LPAREN          shift and go to state 49
    ID              shift and go to state 48
    REAL            shift and go to state 54
    INTEGER         shift and go to state 55
    NUMBER          shift and go to state 57
    STRING          shift and go to state 58
    TRUE            shift and go to state 59
    FALSE           shift and go to state 60

    expression                     shift and go to state 135
    literal                        shift and go to state 56

state 110

    (77) expression -> ID LPAREN expression_list . RPAREN
    (36) expression_list -> expression_list . COMMA expression

    RPAREN          shift and go to state 136
    COMMA           shift and go to state 79


state 111

    (75) expression -> LPAREN expression RPAREN .

    PLUS            reduce using rule 75 (expression -> LPAREN expression RPAREN .)
    MINUS           reduce using rule 75 (expression -> LPAREN expression RPAREN .)
    TIMES           reduce using rule 75 (expression -> LPAREN expression RPAREN .)
    DIVIDE          reduce using rule 75 (expression -> LPAREN expression RPAREN .)
    POWER           reduce using rule 75 (expression -> LPAREN expression RPAREN .)
    EQ              reduce using rule 75 (expression -> LPAREN expression RPAREN .)
    NE              reduce using rule 75 (expression -> LPAREN expression RPAREN .)
    LT              reduce using rule 75 (expression -> LPAREN expression RPAREN .)
    LE              reduce using rule 75 (expression -> LPAREN expression RPAREN .)
    GT              reduce using rule 75 (expression -> LPAREN expression RPAREN .)
    GE              reduce using rule 75 (expression -> LPAREN expression RPAREN .)
    AND             reduce using rule 75 (expression -> LPAREN expression RPAREN .)
    OR              reduce using rule 75 (expression -> LPAREN expression RPAREN .)
    RPAREN          reduce using rule 75 (expression -> LPAREN expression RPAREN .)
    COMMA           reduce using rule 75 (expression -> LPAREN expression RPAREN .)
    END             reduce using rule 75 (expression -> LPAREN expression RPAREN .)
    PRINT           reduce using rule 75 (expression -> LPAREN expression RPAREN .)
    READ            reduce using rule 75 (expression -> LPAREN expression RPAREN .)
    CALL            reduce using rule 75 (expression -> LPAREN expression RPAREN .)
    IF              reduce using rule 75 (expression -> LPAREN expression RPAREN .)
    DO              reduce using rule 75 (expression -> LPAREN expression RPAREN .)
    GOTO            reduce using rule 75 (expression -> LPAREN expression RPAREN .)
    NUMBER          reduce using rule 75 (expression -> LPAREN expression RPAREN .)
    CONTINUE        reduce using rule 75 (expression -> LPAREN expression RPAREN .)
    RETURN          reduce using rule 75 (expression -> LPAREN expression RPAREN .)
    ID              reduce using rule 75 (expression -> LPAREN expression RPAREN .)
    ELSE            reduce using rule 75 (expression -> LPAREN expression RPAREN .)
    ENDIF           reduce using rule 75 (expression -> LPAREN expression RPAREN .)


state 112

    (36) expression_list -> expression_list COMMA expression .
    (60) expression -> expression . PLUS expression
    (61) expression -> expression . MINUS expression
    (62) expression -> expression . TIMES expression
    (63) expression -> expression . DIVIDE expression
    (64) expression -> expression . POWER expression
    (65) expression -> expression . EQ expression
    (66) expression -> expression . NE expression
    (67) expression -> expression . LT expression
    (68) expression -> expression . LE expression
    (69) expression -> expression . GT expression
    (70) expression -> expression . GE expression
    (71) expression -> expression . AND expression
    (72) expression -> expression . OR expression

    RPAREN          reduce using rule 36 (expression_list -> expression_list COMMA expression .)
    COMMA           reduce using rule 36 (expression_list -> expression_list COMMA expression .)
    END             reduce using rule 36 (expression_list -> expression_list COMMA expression .)
    PRINT           reduce using rule 36 (expression_list -> expression_list COMMA expression .)
    READ            reduce using rule 36 (expression_list -> expression_list COMMA expression .)
    CALL            reduce using rule 36 (expression_list -> expression_list COMMA expression .)
    IF              reduce using rule 36 (expression_list -> expression_list COMMA expression .)
    DO              reduce using rule 36 (expression_list -> expression_list COMMA expression .)
    GOTO            reduce using rule 36 (expression_list -> expression_list COMMA expression .)
    NUMBER          reduce using rule 36 (expression_list -> expression_list COMMA expression .)
    CONTINUE        reduce using rule 36 (expression_list -> expression_list COMMA expression .)
    RETURN          reduce using rule 36 (expression_list -> expression_list COMMA expression .)
    ID              reduce using rule 36 (expression_list -> expression_list COMMA expression .)
    ELSE            reduce using rule 36 (expression_list -> expression_list COMMA expression .)
    ENDIF           reduce using rule 36 (expression_list -> expression_list COMMA expression .)
    PLUS            shift and go to state 80
    MINUS           shift and go to state 81
    TIMES           shift and go to state 82
    DIVIDE          shift and go to state 83
    POWER           shift and go to state 84
    EQ              shift and go to state 85
    NE              shift and go to state 86
    LT              shift and go to state 87
    LE              shift and go to state 88
    GT              shift and go to state 89
    GE              shift and go to state 90
    AND             shift and go to state 91
    OR              shift and go to state 92


state 113

    (60) expression -> expression PLUS expression .
    (60) expression -> expression . PLUS expression
    (61) expression -> expression . MINUS expression
    (62) expression -> expression . TIMES expression
    (63) expression -> expression . DIVIDE expression
    (64) expression -> expression . POWER expression
    (65) expression -> expression . EQ expression
    (66) expression -> expression . NE expression
    (67) expression -> expression . LT expression
    (68) expression -> expression . LE expression
    (69) expression -> expression . GT expression
    (70) expression -> expression . GE expression
    (71) expression -> expression . AND expression
    (72) expression -> expression . OR expression

    PLUS            reduce using rule 60 (expression -> expression PLUS expression .)
    MINUS           reduce using rule 60 (expression -> expression PLUS expression .)
    EQ              reduce using rule 60 (expression -> expression PLUS expression .)
    NE              reduce using rule 60 (expression -> expression PLUS expression .)
    LT              reduce using rule 60 (expression -> expression PLUS expression .)
    LE              reduce using rule 60 (expression -> expression PLUS expression .)
    GT              reduce using rule 60 (expression -> expression PLUS expression .)
    GE              reduce using rule 60 (expression -> expression PLUS expression .)
    AND             reduce using rule 60 (expression -> expression PLUS expression .)
    OR              reduce using rule 60 (expression -> expression PLUS expression .)
    RPAREN          reduce using rule 60 (expression -> expression PLUS expression .)
    COMMA           reduce using rule 60 (expression -> expression PLUS expression .)
    END             reduce using rule 60 (expression -> expression PLUS expression .)
    PRINT           reduce using rule 60 (expression -> expression PLUS expression .)
    READ            reduce using rule 60 (expression -> expression PLUS expression .)
    CALL            reduce using rule 60 (expression -> expression PLUS expression .)
    IF              reduce using rule 60 (expression -> expression PLUS expression .)
    DO              reduce using rule 60 (expression -> expression PLUS expression .)
    GOTO            reduce using rule 60 (expression -> expression PLUS expression .)
    NUMBER          reduce using rule 60 (expression -> expression PLUS expression .)
    CONTINUE        reduce using rule 60 (expression -> expression PLUS expression .)
    RETURN          reduce using rule 60 (expression -> expression PLUS expression .)
    ID              reduce using rule 60 (expression -> expression PLUS expression .)
    ELSE            reduce using rule 60 (expression -> expression PLUS expression .)
    ENDIF           reduce using rule 60 (expression -> expression PLUS expression .)
    TIMES           shift and go to state 82
    DIVIDE          shift and go to state 83
    POWER           shift and go to state 84

  ! TIMES           [ reduce using rule 60 (expression -> expression PLUS expression .) ]
  ! DIVIDE          [ reduce using rule 60 (expression -> expression PLUS expression .) ]
  ! POWER           [ reduce using rule 60 (expression -> expression PLUS expression .) ]
  ! PLUS            [ shift and go to state 80 ]
  ! MINUS           [ shift and go to state 81 ]
  ! EQ              [ shift and go to state 85 ]
  ! NE              [ shift and go to state 86 ]
  ! LT              [ shift and go to state 87 ]
  ! LE              [ shift and go to state 88 ]
  ! GT              [ shift and go to state 89 ]
  ! GE              [ shift and go to state 90 ]
  ! AND             [ shift and go to state 91 ]
  ! OR              [ shift and go to state 92 ]


state 114

    (61) expression -> expression MINUS expression .
    (60) expression -> expression . PLUS expression
    (61) expression -> expression . MINUS expression
    (62) expression -> expression . TIMES expression
    (63) expression -> expression . DIVIDE expression
    (64) expression -> expression . POWER expression
    (65) expression -> expression . EQ expression
    (66) expression -> expression . NE expression
    (67) expression -> expression . LT expression
    (68) expression -> expression . LE expression
    (69) expression -> expression . GT expression
    (70) expression -> expression . GE expression
    (71) expression -> expression . AND expression
    (72) expression -> expression . OR expression

    PLUS            reduce using rule 61 (expression -> expression MINUS expression .)
    MINUS           reduce using rule 61 (expression -> expression MINUS expression .)
    EQ              reduce using rule 61 (expression -> expression MINUS expression .)
    NE              reduce using rule 61 (expression -> expression MINUS expression .)
    LT              reduce using rule 61 (expression -> expression MINUS expression .)
    LE              reduce using rule 61 (expression -> expression MINUS expression .)
    GT              reduce using rule 61 (expression -> expression MINUS expression .)
    GE              reduce using rule 61 (expression -> expression MINUS expression .)
    AND             reduce using rule 61 (expression -> expression MINUS expression .)
    OR              reduce using rule 61 (expression -> expression MINUS expression .)
    RPAREN          reduce using rule 61 (expression -> expression MINUS expression .)
    COMMA           reduce using rule 61 (expression -> expression MINUS expression .)
    END             reduce using rule 61 (expression -> expression MINUS expression .)
    PRINT           reduce using rule 61 (expression -> expression MINUS expression .)
    READ            reduce using rule 61 (expression -> expression MINUS expression .)
    CALL            reduce using rule 61 (expression -> expression MINUS expression .)
    IF              reduce using rule 61 (expression -> expression MINUS expression .)
    DO              reduce using rule 61 (expression -> expression MINUS expression .)
    GOTO            reduce using rule 61 (expression -> expression MINUS expression .)
    NUMBER          reduce using rule 61 (expression -> expression MINUS expression .)
    CONTINUE        reduce using rule 61 (expression -> expression MINUS expression .)
    RETURN          reduce using rule 61 (expression -> expression MINUS expression .)
    ID              reduce using rule 61 (expression -> expression MINUS expression .)
    ELSE            reduce using rule 61 (expression -> expression MINUS expression .)
    ENDIF           reduce using rule 61 (expression -> expression MINUS expression .)
    TIMES           shift and go to state 82
    DIVIDE          shift and go to state 83
    POWER           shift and go to state 84

  ! TIMES           [ reduce using rule 61 (expression -> expression MINUS expression .) ]
  ! DIVIDE          [ reduce using rule 61 (expression -> expression MINUS expression .) ]
  ! POWER           [ reduce using rule 61 (expression -> expression MINUS expression .) ]
  ! PLUS            [ shift and go to state 80 ]
  ! MINUS           [ shift and go to state 81 ]
  ! EQ              [ shift and go to state 85 ]
  ! NE              [ shift and go to state 86 ]
  ! LT              [ shift and go to state 87 ]
  ! LE              [ shift and go to state 88 ]
  ! GT              [ shift and go to state 89 ]
  ! GE              [ shift and go to state 90 ]
  ! AND             [ shift and go to state 91 ]
  ! OR              [ shift and go to state 92 ]


state 115

    (62) expression -> expression TIMES expression .
    (60) expression -> expression . PLUS expression
    (61) expression -> expression . MINUS expression
    (62) expression -> expression . TIMES expression
    (63) expression -> expression . DIVIDE expression
    (64) expression -> expression . POWER expression
    (65) expression -> expression . EQ expression
    (66) expression -> expression . NE expression
    (67) expression -> expression . LT expression
    (68) expression -> expression . LE expression
    (69) expression -> expression . GT expression
    (70) expression -> expression . GE expression
    (71) expression -> expression . AND expression
    (72) expression -> expression . OR expression

    PLUS            reduce using rule 62 (expression -> expression TIMES expression .)
    MINUS           reduce using rule 62 (expression -> expression TIMES expression .)
    TIMES           reduce using rule 62 (expression -> expression TIMES expression .)
    DIVIDE          reduce using rule 62 (expression -> expression TIMES expression .)
    EQ              reduce using rule 62 (expression -> expression TIMES expression .)
    NE              reduce using rule 62 (expression -> expression TIMES expression .)
    LT              reduce using rule 62 (expression -> expression TIMES expression .)
    LE              reduce using rule 62 (expression -> expression TIMES expression .)
    GT              reduce using rule 62 (expression -> expression TIMES expression .)
    GE              reduce using rule 62 (expression -> expression TIMES expression .)
    AND             reduce using rule 62 (expression -> expression TIMES expression .)
    OR              reduce using rule 62 (expression -> expression TIMES expression .)
    RPAREN          reduce using rule 62 (expression -> expression TIMES expression .)
    COMMA           reduce using rule 62 (expression -> expression TIMES expression .)
    END             reduce using rule 62 (expression -> expression TIMES expression .)
    PRINT           reduce using rule 62 (expression -> expression TIMES expression .)
    READ            reduce using rule 62 (expression -> expression TIMES expression .)
    CALL            reduce using rule 62 (expression -> expression TIMES expression .)
    IF              reduce using rule 62 (expression -> expression TIMES expression .)
    DO              reduce using rule 62 (expression -> expression TIMES expression .)
    GOTO            reduce using rule 62 (expression -> expression TIMES expression .)
    NUMBER          reduce using rule 62 (expression -> expression TIMES expression .)
    CONTINUE        reduce using rule 62 (expression -> expression TIMES expression .)
    RETURN          reduce using rule 62 (expression -> expression TIMES expression .)
    ID              reduce using rule 62 (expression -> expression TIMES expression .)
    ELSE            reduce using rule 62 (expression -> expression TIMES expression .)
    ENDIF           reduce using rule 62 (expression -> expression TIMES expression .)
    POWER           shift and go to state 84

  ! POWER           [ reduce using rule 62 (expression -> expression TIMES expression .) ]
  ! PLUS            [ shift and go to state 80 ]
  ! MINUS           [ shift and go to state 81 ]
  ! TIMES           [ shift and go to state 82 ]
  ! DIVIDE          [ shift and go to state 83 ]
  ! EQ              [ shift and go to state 85 ]
  ! NE              [ shift and go to state 86 ]
  ! LT              [ shift and go to state 87 ]
  ! LE              [ shift and go to state 88 ]
  ! GT              [ shift and go to state 89 ]
  ! GE              [ shift and go to state 90 ]
  ! AND             [ shift and go to state 91 ]
  ! OR              [ shift and go to state 92 ]


state 116

    (63) expression -> expression DIVIDE expression .
    (60) expression -> expression . PLUS expression
    (61) expression -> expression . MINUS expression
    (62) expression -> expression . TIMES expression
    (63) expression -> expression . DIVIDE expression
    (64) expression -> expression . POWER expression
    (65) expression -> expression . EQ expression
    (66) expression -> expression . NE expression
    (67) expression -> expression . LT expression
    (68) expression -> expression . LE expression
    (69) expression -> expression . GT expression
    (70) expression -> expression . GE expression
    (71) expression -> expression . AND expression
    (72) expression -> expression . OR expression

    PLUS            reduce using rule 63 (expression -> expression DIVIDE expression .)
    MINUS           reduce using rule 63 (expression -> expression DIVIDE expression .)
    TIMES           reduce using rule 63 (expression -> expression DIVIDE expression .)
    DIVIDE          reduce using rule 63 (expression -> expression DIVIDE expression .)
    EQ              reduce using rule 63 (expression -> expression DIVIDE expression .)
    NE              reduce using rule 63 (expression -> expression DIVIDE expression .)
    LT              reduce using rule 63 (expression -> expression DIVIDE expression .)
    LE              reduce using rule 63 (expression -> expression DIVIDE expression .)
    GT              reduce using rule 63 (expression -> expression DIVIDE expression .)
    GE              reduce using rule 63 (expression -> expression DIVIDE expression .)
    AND             reduce using rule 63 (expression -> expression DIVIDE expression .)
    OR              reduce using rule 63 (expression -> expression DIVIDE expression .)
    RPAREN          reduce using rule 63 (expression -> expression DIVIDE expression .)
    COMMA           reduce using rule 63 (expression -> expression DIVIDE expression .)
    END             reduce using rule 63 (expression -> expression DIVIDE expression .)
    PRINT           reduce using rule 63 (expression -> expression DIVIDE expression .)
    READ            reduce using rule 63 (expression -> expression DIVIDE expression .)
    CALL            reduce using rule 63 (expression -> expression DIVIDE expression .)
    IF              reduce using rule 63 (expression -> expression DIVIDE expression .)
    DO              reduce using rule 63 (expression -> expression DIVIDE expression .)
    GOTO            reduce using rule 63 (expression -> expression DIVIDE expression .)
    NUMBER          reduce using rule 63 (expression -> expression DIVIDE expression .)
    CONTINUE        reduce using rule 63 (expression -> expression DIVIDE expression .)
    RETURN          reduce using rule 63 (expression -> expression DIVIDE expression .)
    ID              reduce using rule 63 (expression -> expression DIVIDE expression .)
    ELSE            reduce using rule 63 (expression -> expression DIVIDE expression .)
    ENDIF           reduce using rule 63 (expression -> expression DIVIDE expression .)
    POWER           shift and go to state 84

  ! POWER           [ reduce using rule 63 (expression -> expression DIVIDE expression .) ]
  ! PLUS            [ shift and go to state 80 ]
  ! MINUS           [ shift and go to state 81 ]
  ! TIMES           [ shift and go to state 82 ]
  ! DIVIDE          [ shift and go to state 83 ]
  ! EQ              [ shift and go to state 85 ]
  ! NE              [ shift and go to state 86 ]
  ! LT              [ shift and go to state 87 ]
  ! LE              [ shift and go to state 88 ]
  ! GT              [ shift and go to state 89 ]
  ! GE              [ shift and go to state 90 ]
  ! AND             [ shift and go to state 91 ]
  ! OR              [ shift and go to state 92 ]


state 117

    (64) expression -> expression POWER expression .
    (60) expression -> expression . PLUS expression
    (61) expression -> expression . MINUS expression
    (62) expression -> expression . TIMES expression
    (63) expression -> expression . DIVIDE expression
    (64) expression -> expression . POWER expression
    (65) expression -> expression . EQ expression
    (66) expression -> expression . NE expression
    (67) expression -> expression . LT expression
    (68) expression -> expression . LE expression
    (69) expression -> expression . GT expression
    (70) expression -> expression . GE expression
    (71) expression -> expression . AND expression
    (72) expression -> expression . OR expression

    PLUS            reduce using rule 64 (expression -> expression POWER expression .)
    MINUS           reduce using rule 64 (expression -> expression POWER expression .)
    TIMES           reduce using rule 64 (expression -> expression POWER expression .)
    DIVIDE          reduce using rule 64 (expression -> expression POWER expression .)
    EQ              reduce using rule 64 (expression -> expression POWER expression .)
    NE              reduce using rule 64 (expression -> expression POWER expression .)
    LT              reduce using rule 64 (expression -> expression POWER expression .)
    LE              reduce using rule 64 (expression -> expression POWER expression .)
    GT              reduce using rule 64 (expression -> expression POWER expression .)
    GE              reduce using rule 64 (expression -> expression POWER expression .)
    AND             reduce using rule 64 (expression -> expression POWER expression .)
    OR              reduce using rule 64 (expression -> expression POWER expression .)
    RPAREN          reduce using rule 64 (expression -> expression POWER expression .)
    COMMA           reduce using rule 64 (expression -> expression POWER expression .)
    END             reduce using rule 64 (expression -> expression POWER expression .)
    PRINT           reduce using rule 64 (expression -> expression POWER expression .)
    READ            reduce using rule 64 (expression -> expression POWER expression .)
    CALL            reduce using rule 64 (expression -> expression POWER expression .)
    IF              reduce using rule 64 (expression -> expression POWER expression .)
    DO              reduce using rule 64 (expression -> expression POWER expression .)
    GOTO            reduce using rule 64 (expression -> expression POWER expression .)
    NUMBER          reduce using rule 64 (expression -> expression POWER expression .)
    CONTINUE        reduce using rule 64 (expression -> expression POWER expression .)
    RETURN          reduce using rule 64 (expression -> expression POWER expression .)
    ID              reduce using rule 64 (expression -> expression POWER expression .)
    ELSE            reduce using rule 64 (expression -> expression POWER expression .)
    ENDIF           reduce using rule 64 (expression -> expression POWER expression .)
    POWER           shift and go to state 84

  ! POWER           [ reduce using rule 64 (expression -> expression POWER expression .) ]
  ! PLUS            [ shift and go to state 80 ]
  ! MINUS           [ shift and go to state 81 ]
  ! TIMES           [ shift and go to state 82 ]
  ! DIVIDE          [ shift and go to state 83 ]
  ! EQ              [ shift and go to state 85 ]
  ! NE              [ shift and go to state 86 ]
  ! LT              [ shift and go to state 87 ]
  ! LE              [ shift and go to state 88 ]
  ! GT              [ shift and go to state 89 ]
  ! GE              [ shift and go to state 90 ]
  ! AND             [ shift and go to state 91 ]
  ! OR              [ shift and go to state 92 ]


state 118

    (65) expression -> expression EQ expression .
    (60) expression -> expression . PLUS expression
    (61) expression -> expression . MINUS expression
    (62) expression -> expression . TIMES expression
    (63) expression -> expression . DIVIDE expression
    (64) expression -> expression . POWER expression
    (65) expression -> expression . EQ expression
    (66) expression -> expression . NE expression
    (67) expression -> expression . LT expression
    (68) expression -> expression . LE expression
    (69) expression -> expression . GT expression
    (70) expression -> expression . GE expression
    (71) expression -> expression . AND expression
    (72) expression -> expression . OR expression

    EQ              reduce using rule 65 (expression -> expression EQ expression .)
    NE              reduce using rule 65 (expression -> expression EQ expression .)
    LT              reduce using rule 65 (expression -> expression EQ expression .)
    LE              reduce using rule 65 (expression -> expression EQ expression .)
    GT              reduce using rule 65 (expression -> expression EQ expression .)
    GE              reduce using rule 65 (expression -> expression EQ expression .)
    AND             reduce using rule 65 (expression -> expression EQ expression .)
    OR              reduce using rule 65 (expression -> expression EQ expression .)
    RPAREN          reduce using rule 65 (expression -> expression EQ expression .)
    COMMA           reduce using rule 65 (expression -> expression EQ expression .)
    END             reduce using rule 65 (expression -> expression EQ expression .)
    PRINT           reduce using rule 65 (expression -> expression EQ expression .)
    READ            reduce using rule 65 (expression -> expression EQ expression .)
    CALL            reduce using rule 65 (expression -> expression EQ expression .)
    IF              reduce using rule 65 (expression -> expression EQ expression .)
    DO              reduce using rule 65 (expression -> expression EQ expression .)
    GOTO            reduce using rule 65 (expression -> expression EQ expression .)
    NUMBER          reduce using rule 65 (expression -> expression EQ expression .)
    CONTINUE        reduce using rule 65 (expression -> expression EQ expression .)
    RETURN          reduce using rule 65 (expression -> expression EQ expression .)
    ID              reduce using rule 65 (expression -> expression EQ expression .)
    ELSE            reduce using rule 65 (expression -> expression EQ expression .)
    ENDIF           reduce using rule 65 (expression -> expression EQ expression .)
    PLUS            shift and go to state 80
    MINUS           shift and go to state 81
    TIMES           shift and go to state 82
    DIVIDE          shift and go to state 83
    POWER           shift and go to state 84

  ! PLUS            [ reduce using rule 65 (expression -> expression EQ expression .) ]
  ! MINUS           [ reduce using rule 65 (expression -> expression EQ expression .) ]
  ! TIMES           [ reduce using rule 65 (expression -> expression EQ expression .) ]
  ! DIVIDE          [ reduce using rule 65 (expression -> expression EQ expression .) ]
  ! POWER           [ reduce using rule 65 (expression -> expression EQ expression .) ]
  ! EQ              [ shift and go to state 85 ]
  ! NE              [ shift and go to state 86 ]
  ! LT              [ shift and go to state 87 ]
  ! LE              [ shift and go to state 88 ]
  ! GT              [ shift and go to state 89 ]
  ! GE              [ shift and go to state 90 ]
  ! AND             [ shift and go to state 91 ]
  ! OR              [ shift and go to state 92 ]


state 119

    (66) expression -> expression NE expression .
    (60) expression -> expression . PLUS expression
    (61) expression -> expression . MINUS expression
    (62) expression -> expression . TIMES expression
    (63) expression -> expression . DIVIDE expression
    (64) expression -> expression . POWER expression
    (65) expression -> expression . EQ expression
    (66) expression -> expression . NE expression
    (67) expression -> expression . LT expression
    (68) expression -> expression . LE expression
    (69) expression -> expression . GT expression
    (70) expression -> expression . GE expression
    (71) expression -> expression . AND expression
    (72) expression -> expression . OR expression

    EQ              reduce using rule 66 (expression -> expression NE expression .)
    NE              reduce using rule 66 (expression -> expression NE expression .)
    LT              reduce using rule 66 (expression -> expression NE expression .)
    LE              reduce using rule 66 (expression -> expression NE expression .)
    GT              reduce using rule 66 (expression -> expression NE expression .)
    GE              reduce using rule 66 (expression -> expression NE expression .)
    AND             reduce using rule 66 (expression -> expression NE expression .)
    OR              reduce using rule 66 (expression -> expression NE expression .)
    RPAREN          reduce using rule 66 (expression -> expression NE expression .)
    COMMA           reduce using rule 66 (expression -> expression NE expression .)
    END             reduce using rule 66 (expression -> expression NE expression .)
    PRINT           reduce using rule 66 (expression -> expression NE expression .)
    READ            reduce using rule 66 (expression -> expression NE expression .)
    CALL            reduce using rule 66 (expression -> expression NE expression .)
    IF              reduce using rule 66 (expression -> expression NE expression .)
    DO              reduce using rule 66 (expression -> expression NE expression .)
    GOTO            reduce using rule 66 (expression -> expression NE expression .)
    NUMBER          reduce using rule 66 (expression -> expression NE expression .)
    CONTINUE        reduce using rule 66 (expression -> expression NE expression .)
    RETURN          reduce using rule 66 (expression -> expression NE expression .)
    ID              reduce using rule 66 (expression -> expression NE expression .)
    ELSE            reduce using rule 66 (expression -> expression NE expression .)
    ENDIF           reduce using rule 66 (expression -> expression NE expression .)
    PLUS            shift and go to state 80
    MINUS           shift and go to state 81
    TIMES           shift and go to state 82
    DIVIDE          shift and go to state 83
    POWER           shift and go to state 84

  ! PLUS            [ reduce using rule 66 (expression -> expression NE expression .) ]
  ! MINUS           [ reduce using rule 66 (expression -> expression NE expression .) ]
  ! TIMES           [ reduce using rule 66 (expression -> expression NE expression .) ]
  ! DIVIDE          [ reduce using rule 66 (expression -> expression NE expression .) ]
  ! POWER           [ reduce using rule 66 (expression -> expression NE expression .) ]
  ! EQ              [ shift and go to state 85 ]
  ! NE              [ shift and go to state 86 ]
  ! LT              [ shift and go to state 87 ]
  ! LE              [ shift and go to state 88 ]
  ! GT              [ shift and go to state 89 ]
  ! GE              [ shift and go to state 90 ]
  ! AND             [ shift and go to state 91 ]
  ! OR              [ shift and go to state 92 ]


state 120

    (67) expression -> expression LT expression .
    (60) expression -> expression . PLUS expression
    (61) expression -> expression . MINUS expression
    (62) expression -> expression . TIMES expression
    (63) expression -> expression . DIVIDE expression
    (64) expression -> expression . POWER expression
    (65) expression -> expression . EQ expression
    (66) expression -> expression . NE expression
    (67) expression -> expression . LT expression
    (68) expression -> expression . LE expression
    (69) expression -> expression . GT expression
    (70) expression -> expression . GE expression
    (71) expression -> expression . AND expression
    (72) expression -> expression . OR expression

    EQ              reduce using rule 67 (expression -> expression LT expression .)
    NE              reduce using rule 67 (expression -> expression LT expression .)
    LT              reduce using rule 67 (expression -> expression LT expression .)
    LE              reduce using rule 67 (expression -> expression LT expression .)
    GT              reduce using rule 67 (expression -> expression LT expression .)
    GE              reduce using rule 67 (expression -> expression LT expression .)
    AND             reduce using rule 67 (expression -> expression LT expression .)
    OR              reduce using rule 67 (expression -> expression LT expression .)
    RPAREN          reduce using rule 67 (expression -> expression LT expression .)
    COMMA           reduce using rule 67 (expression -> expression LT expression .)
    END             reduce using rule 67 (expression -> expression LT expression .)
    PRINT           reduce using rule 67 (expression -> expression LT expression .)
    READ            reduce using rule 67 (expression -> expression LT expression .)
    CALL            reduce using rule 67 (expression -> expression LT expression .)
    IF              reduce using rule 67 (expression -> expression LT expression .)
    DO              reduce using rule 67 (expression -> expression LT expression .)
    GOTO            reduce using rule 67 (expression -> expression LT expression .)
    NUMBER          reduce using rule 67 (expression -> expression LT expression .)
    CONTINUE        reduce using rule 67 (expression -> expression LT expression .)
    RETURN          reduce using rule 67 (expression -> expression LT expression .)
    ID              reduce using rule 67 (expression -> expression LT expression .)
    ELSE            reduce using rule 67 (expression -> expression LT expression .)
    ENDIF           reduce using rule 67 (expression -> expression LT expression .)
    PLUS            shift and go to state 80
    MINUS           shift and go to state 81
    TIMES           shift and go to state 82
    DIVIDE          shift and go to state 83
    POWER           shift and go to state 84

  ! PLUS            [ reduce using rule 67 (expression -> expression LT expression .) ]
  ! MINUS           [ reduce using rule 67 (expression -> expression LT expression .) ]
  ! TIMES           [ reduce using rule 67 (expression -> expression LT expression .) ]
  ! DIVIDE          [ reduce using rule 67 (expression -> expression LT expression .) ]
  ! POWER           [ reduce using rule 67 (expression -> expression LT expression .) ]
  ! EQ              [ shift and go to state 85 ]
  ! NE              [ shift and go to state 86 ]
  ! LT              [ shift and go to state 87 ]
  ! LE              [ shift and go to state 88 ]
  ! GT              [ shift and go to state 89 ]
  ! GE              [ shift and go to state 90 ]
  ! AND             [ shift and go to state 91 ]
  ! OR              [ shift and go to state 92 ]


state 121

    (68) expression -> expression LE expression .
    (60) expression -> expression . PLUS expression
    (61) expression -> expression . MINUS expression
    (62) expression -> expression . TIMES expression
    (63) expression -> expression . DIVIDE expression
    (64) expression -> expression . POWER expression
    (65) expression -> expression . EQ expression
    (66) expression -> expression . NE expression
    (67) expression -> expression . LT expression
    (68) expression -> expression . LE expression
    (69) expression -> expression . GT expression
    (70) expression -> expression . GE expression
    (71) expression -> expression . AND expression
    (72) expression -> expression . OR expression

    EQ              reduce using rule 68 (expression -> expression LE expression .)
    NE              reduce using rule 68 (expression -> expression LE expression .)
    LT              reduce using rule 68 (expression -> expression LE expression .)
    LE              reduce using rule 68 (expression -> expression LE expression .)
    GT              reduce using rule 68 (expression -> expression LE expression .)
    GE              reduce using rule 68 (expression -> expression LE expression .)
    AND             reduce using rule 68 (expression -> expression LE expression .)
    OR              reduce using rule 68 (expression -> expression LE expression .)
    RPAREN          reduce using rule 68 (expression -> expression LE expression .)
    COMMA           reduce using rule 68 (expression -> expression LE expression .)
    END             reduce using rule 68 (expression -> expression LE expression .)
    PRINT           reduce using rule 68 (expression -> expression LE expression .)
    READ            reduce using rule 68 (expression -> expression LE expression .)
    CALL            reduce using rule 68 (expression -> expression LE expression .)
    IF              reduce using rule 68 (expression -> expression LE expression .)
    DO              reduce using rule 68 (expression -> expression LE expression .)
    GOTO            reduce using rule 68 (expression -> expression LE expression .)
    NUMBER          reduce using rule 68 (expression -> expression LE expression .)
    CONTINUE        reduce using rule 68 (expression -> expression LE expression .)
    RETURN          reduce using rule 68 (expression -> expression LE expression .)
    ID              reduce using rule 68 (expression -> expression LE expression .)
    ELSE            reduce using rule 68 (expression -> expression LE expression .)
    ENDIF           reduce using rule 68 (expression -> expression LE expression .)
    PLUS            shift and go to state 80
    MINUS           shift and go to state 81
    TIMES           shift and go to state 82
    DIVIDE          shift and go to state 83
    POWER           shift and go to state 84

  ! PLUS            [ reduce using rule 68 (expression -> expression LE expression .) ]
  ! MINUS           [ reduce using rule 68 (expression -> expression LE expression .) ]
  ! TIMES           [ reduce using rule 68 (expression -> expression LE expression .) ]
  ! DIVIDE          [ reduce using rule 68 (expression -> expression LE expression .) ]
  ! POWER           [ reduce using rule 68 (expression -> expression LE expression .) ]
  ! EQ              [ shift and go to state 85 ]
  ! NE              [ shift and go to state 86 ]
  ! LT              [ shift and go to state 87 ]
  ! LE              [ shift and go to state 88 ]
  ! GT              [ shift and go to state 89 ]
  ! GE              [ shift and go to state 90 ]
  ! AND             [ shift and go to state 91 ]
  ! OR              [ shift and go to state 92 ]


state 122

    (69) expression -> expression GT expression .
    (60) expression -> expression . PLUS expression
    (61) expression -> expression . MINUS expression
    (62) expression -> expression . TIMES expression
    (63) expression -> expression . DIVIDE expression
    (64) expression -> expression . POWER expression
    (65) expression -> expression . EQ expression
    (66) expression -> expression . NE expression
    (67) expression -> expression . LT expression
    (68) expression -> expression . LE expression
    (69) expression -> expression . GT expression
    (70) expression -> expression . GE expression
    (71) expression -> expression . AND expression
    (72) expression -> expression . OR expression

    EQ              reduce using rule 69 (expression -> expression GT expression .)
    NE              reduce using rule 69 (expression -> expression GT expression .)
    LT              reduce using rule 69 (expression -> expression GT expression .)
    LE              reduce using rule 69 (expression -> expression GT expression .)
    GT              reduce using rule 69 (expression -> expression GT expression .)
    GE              reduce using rule 69 (expression -> expression GT expression .)
    AND             reduce using rule 69 (expression -> expression GT expression .)
    OR              reduce using rule 69 (expression -> expression GT expression .)
    RPAREN          reduce using rule 69 (expression -> expression GT expression .)
    COMMA           reduce using rule 69 (expression -> expression GT expression .)
    END             reduce using rule 69 (expression -> expression GT expression .)
    PRINT           reduce using rule 69 (expression -> expression GT expression .)
    READ            reduce using rule 69 (expression -> expression GT expression .)
    CALL            reduce using rule 69 (expression -> expression GT expression .)
    IF              reduce using rule 69 (expression -> expression GT expression .)
    DO              reduce using rule 69 (expression -> expression GT expression .)
    GOTO            reduce using rule 69 (expression -> expression GT expression .)
    NUMBER          reduce using rule 69 (expression -> expression GT expression .)
    CONTINUE        reduce using rule 69 (expression -> expression GT expression .)
    RETURN          reduce using rule 69 (expression -> expression GT expression .)
    ID              reduce using rule 69 (expression -> expression GT expression .)
    ELSE            reduce using rule 69 (expression -> expression GT expression .)
    ENDIF           reduce using rule 69 (expression -> expression GT expression .)
    PLUS            shift and go to state 80
    MINUS           shift and go to state 81
    TIMES           shift and go to state 82
    DIVIDE          shift and go to state 83
    POWER           shift and go to state 84

  ! PLUS            [ reduce using rule 69 (expression -> expression GT expression .) ]
  ! MINUS           [ reduce using rule 69 (expression -> expression GT expression .) ]
  ! TIMES           [ reduce using rule 69 (expression -> expression GT expression .) ]
  ! DIVIDE          [ reduce using rule 69 (expression -> expression GT expression .) ]
  ! POWER           [ reduce using rule 69 (expression -> expression GT expression .) ]
  ! EQ              [ shift and go to state 85 ]
  ! NE              [ shift and go to state 86 ]
  ! LT              [ shift and go to state 87 ]
  ! LE              [ shift and go to state 88 ]
  ! GT              [ shift and go to state 89 ]
  ! GE              [ shift and go to state 90 ]
  ! AND             [ shift and go to state 91 ]
  ! OR              [ shift and go to state 92 ]


state 123

    (70) expression -> expression GE expression .
    (60) expression -> expression . PLUS expression
    (61) expression -> expression . MINUS expression
    (62) expression -> expression . TIMES expression
    (63) expression -> expression . DIVIDE expression
    (64) expression -> expression . POWER expression
    (65) expression -> expression . EQ expression
    (66) expression -> expression . NE expression
    (67) expression -> expression . LT expression
    (68) expression -> expression . LE expression
    (69) expression -> expression . GT expression
    (70) expression -> expression . GE expression
    (71) expression -> expression . AND expression
    (72) expression -> expression . OR expression

    EQ              reduce using rule 70 (expression -> expression GE expression .)
    NE              reduce using rule 70 (expression -> expression GE expression .)
    LT              reduce using rule 70 (expression -> expression GE expression .)
    LE              reduce using rule 70 (expression -> expression GE expression .)
    GT              reduce using rule 70 (expression -> expression GE expression .)
    GE              reduce using rule 70 (expression -> expression GE expression .)
    AND             reduce using rule 70 (expression -> expression GE expression .)
    OR              reduce using rule 70 (expression -> expression GE expression .)
    RPAREN          reduce using rule 70 (expression -> expression GE expression .)
    COMMA           reduce using rule 70 (expression -> expression GE expression .)
    END             reduce using rule 70 (expression -> expression GE expression .)
    PRINT           reduce using rule 70 (expression -> expression GE expression .)
    READ            reduce using rule 70 (expression -> expression GE expression .)
    CALL            reduce using rule 70 (expression -> expression GE expression .)
    IF              reduce using rule 70 (expression -> expression GE expression .)
    DO              reduce using rule 70 (expression -> expression GE expression .)
    GOTO            reduce using rule 70 (expression -> expression GE expression .)
    NUMBER          reduce using rule 70 (expression -> expression GE expression .)
    CONTINUE        reduce using rule 70 (expression -> expression GE expression .)
    RETURN          reduce using rule 70 (expression -> expression GE expression .)
    ID              reduce using rule 70 (expression -> expression GE expression .)
    ELSE            reduce using rule 70 (expression -> expression GE expression .)
    ENDIF           reduce using rule 70 (expression -> expression GE expression .)
    PLUS            shift and go to state 80
    MINUS           shift and go to state 81
    TIMES           shift and go to state 82
    DIVIDE          shift and go to state 83
    POWER           shift and go to state 84

  ! PLUS            [ reduce using rule 70 (expression -> expression GE expression .) ]
  ! MINUS           [ reduce using rule 70 (expression -> expression GE expression .) ]
  ! TIMES           [ reduce using rule 70 (expression -> expression GE expression .) ]
  ! DIVIDE          [ reduce using rule 70 (expression -> expression GE expression .) ]
  ! POWER           [ reduce using rule 70 (expression -> expression GE expression .) ]
  ! EQ              [ shift and go to state 85 ]
  ! NE              [ shift and go to state 86 ]
  ! LT              [ shift and go to state 87 ]
  ! LE              [ shift and go to state 88 ]
  ! GT              [ shift and go to state 89 ]
  ! GE              [ shift and go to state 90 ]
  ! AND             [ shift and go to state 91 ]
  ! OR              [ shift and go to state 92 ]


state 124

    (71) expression -> expression AND expression .
    (60) expression -> expression . PLUS expression
    (61) expression -> expression . MINUS expression
    (62) expression -> expression . TIMES expression
    (63) expression -> expression . DIVIDE expression
    (64) expression -> expression . POWER expression
    (65) expression -> expression . EQ expression
    (66) expression -> expression . NE expression
    (67) expression -> expression . LT expression
    (68) expression -> expression . LE expression
    (69) expression -> expression . GT expression
    (70) expression -> expression . GE expression
    (71) expression -> expression . AND expression
    (72) expression -> expression . OR expression

    AND             reduce using rule 71 (expression -> expression AND expression .)
    OR              reduce using rule 71 (expression -> expression AND expression .)
    RPAREN          reduce using rule 71 (expression -> expression AND expression .)
    COMMA           reduce using rule 71 (expression -> expression AND expression .)
    END             reduce using rule 71 (expression -> expression AND expression .)
    PRINT           reduce using rule 71 (expression -> expression AND expression .)
    READ            reduce using rule 71 (expression -> expression AND expression .)
    CALL            reduce using rule 71 (expression -> expression AND expression .)
    IF              reduce using rule 71 (expression -> expression AND expression .)
    DO              reduce using rule 71 (expression -> expression AND expression .)
    GOTO            reduce using rule 71 (expression -> expression AND expression .)
    NUMBER          reduce using rule 71 (expression -> expression AND expression .)
    CONTINUE        reduce using rule 71 (expression -> expression AND expression .)
    RETURN          reduce using rule 71 (expression -> expression AND expression .)
    ID              reduce using rule 71 (expression -> expression AND expression .)
    ELSE            reduce using rule 71 (expression -> expression AND expression .)
    ENDIF           reduce using rule 71 (expression -> expression AND expression .)
    PLUS            shift and go to state 80
    MINUS           shift and go to state 81
    TIMES           shift and go to state 82
    DIVIDE          shift and go to state 83
    POWER           shift and go to state 84
    EQ              shift and go to state 85
    NE              shift and go to state 86
    LT              shift and go to state 87
    LE              shift and go to state 88
    GT              shift and go to state 89
    GE              shift and go to state 90

  ! PLUS            [ reduce using rule 71 (expression -> expression AND expression .) ]
  ! MINUS           [ reduce using rule 71 (expression -> expression AND expression .) ]
  ! TIMES           [ reduce using rule 71 (expression -> expression AND expression .) ]
  ! DIVIDE          [ reduce using rule 71 (expression -> expression AND expression .) ]
  ! POWER           [ reduce using rule 71 (expression -> expression AND expression .) ]
  ! EQ              [ reduce using rule 71 (expression -> expression AND expression .) ]
  ! NE              [ reduce using rule 71 (expression -> expression AND expression .) ]
  ! LT              [ reduce using rule 71 (expression -> expression AND expression .) ]
  ! LE              [ reduce using rule 71 (expression -> expression AND expression .) ]
  ! GT              [ reduce using rule 71 (expression -> expression AND expression .) ]
  ! GE              [ reduce using rule 71 (expression -> expression AND expression .) ]
  ! AND             [ shift and go to state 91 ]
  ! OR              [ shift and go to state 92 ]


state 125

    (72) expression -> expression OR expression .
    (60) expression -> expression . PLUS expression
    (61) expression -> expression . MINUS expression
    (62) expression -> expression . TIMES expression
    (63) expression -> expression . DIVIDE expression
    (64) expression -> expression . POWER expression
    (65) expression -> expression . EQ expression
    (66) expression -> expression . NE expression
    (67) expression -> expression . LT expression
    (68) expression -> expression . LE expression
    (69) expression -> expression . GT expression
    (70) expression -> expression . GE expression
    (71) expression -> expression . AND expression
    (72) expression -> expression . OR expression

    OR              reduce using rule 72 (expression -> expression OR expression .)
    RPAREN          reduce using rule 72 (expression -> expression OR expression .)
    COMMA           reduce using rule 72 (expression -> expression OR expression .)
    END             reduce using rule 72 (expression -> expression OR expression .)
    PRINT           reduce using rule 72 (expression -> expression OR expression .)
    READ            reduce using rule 72 (expression -> expression OR expression .)
    CALL            reduce using rule 72 (expression -> expression OR expression .)
    IF              reduce using rule 72 (expression -> expression OR expression .)
    DO              reduce using rule 72 (expression -> expression OR expression .)
    GOTO            reduce using rule 72 (expression -> expression OR expression .)
    NUMBER          reduce using rule 72 (expression -> expression OR expression .)
    CONTINUE        reduce using rule 72 (expression -> expression OR expression .)
    RETURN          reduce using rule 72 (expression -> expression OR expression .)
    ID              reduce using rule 72 (expression -> expression OR expression .)
    ELSE            reduce using rule 72 (expression -> expression OR expression .)
    ENDIF           reduce using rule 72 (expression -> expression OR expression .)
    PLUS            shift and go to state 80
    MINUS           shift and go to state 81
    TIMES           shift and go to state 82
    DIVIDE          shift and go to state 83
    POWER           shift and go to state 84
    EQ              shift and go to state 85
    NE              shift and go to state 86
    LT              shift and go to state 87
    LE              shift and go to state 88
    GT              shift and go to state 89
    GE              shift and go to state 90
    AND             shift and go to state 91

  ! PLUS            [ reduce using rule 72 (expression -> expression OR expression .) ]
  ! MINUS           [ reduce using rule 72 (expression -> expression OR expression .) ]
  ! TIMES           [ reduce using rule 72 (expression -> expression OR expression .) ]
  ! DIVIDE          [ reduce using rule 72 (expression -> expression OR expression .) ]
  ! POWER           [ reduce using rule 72 (expression -> expression OR expression .) ]
  ! EQ              [ reduce using rule 72 (expression -> expression OR expression .) ]
  ! NE              [ reduce using rule 72 (expression -> expression OR expression .) ]
  ! LT              [ reduce using rule 72 (expression -> expression OR expression .) ]
  ! LE              [ reduce using rule 72 (expression -> expression OR expression .) ]
  ! GT              [ reduce using rule 72 (expression -> expression OR expression .) ]
  ! GE              [ reduce using rule 72 (expression -> expression OR expression .) ]
  ! AND             [ reduce using rule 72 (expression -> expression OR expression .) ]
  ! OR              [ shift and go to state 92 ]


state 126

    (78) expression -> REAL LPAREN expression_list . RPAREN
    (36) expression_list -> expression_list . COMMA expression

    RPAREN          shift and go to state 137
    COMMA           shift and go to state 79


state 127

    (79) expression -> INTEGER LPAREN expression_list . RPAREN
    (36) expression_list -> expression_list . COMMA expression

    RPAREN          shift and go to state 138
    COMMA           shift and go to state 79


state 128

    (51) function_def -> type FUNCTION ID . LPAREN param_list RPAREN declarations_opt function_items END

    LPAREN          shift and go to state 139


state 129

    (52) subroutine_def -> SUBROUTINE ID LPAREN . param_list RPAREN declarations_opt function_items END
    (53) param_list -> . id_list
    (54) param_list -> . empty
    (27) id_list -> . declarator_list
    (2) empty -> .
    (25) declarator_list -> . declarator_list COMMA declarator
    (26) declarator_list -> . declarator
    (28) declarator -> . ID
    (29) declarator -> . ID LPAREN NUMBER RPAREN

    RPAREN          reduce using rule 2 (empty -> .)
    ID              shift and go to state 39

    param_list                     shift and go to state 140
    id_list                        shift and go to state 141
    empty                          shift and go to state 142
    declarator_list                shift and go to state 143
    declarator                     shift and go to state 38

state 130

    (29) declarator -> ID LPAREN NUMBER RPAREN .

    COMMA           reduce using rule 29 (declarator -> ID LPAREN NUMBER RPAREN .)
    INTEGER         reduce using rule 29 (declarator -> ID LPAREN NUMBER RPAREN .)
    REAL            reduce using rule 29 (declarator -> ID LPAREN NUMBER RPAREN .)
    LOGICAL         reduce using rule 29 (declarator -> ID LPAREN NUMBER RPAREN .)
    PRINT           reduce using rule 29 (declarator -> ID LPAREN NUMBER RPAREN .)
    READ            reduce using rule 29 (declarator -> ID LPAREN NUMBER RPAREN .)
    CALL            reduce using rule 29 (declarator -> ID LPAREN NUMBER RPAREN .)
    IF              reduce using rule 29 (declarator -> ID LPAREN NUMBER RPAREN .)
    DO              reduce using rule 29 (declarator -> ID LPAREN NUMBER RPAREN .)
    GOTO            reduce using rule 29 (declarator -> ID LPAREN NUMBER RPAREN .)
    NUMBER          reduce using rule 29 (declarator -> ID LPAREN NUMBER RPAREN .)
    CONTINUE        reduce using rule 29 (declarator -> ID LPAREN NUMBER RPAREN .)
    RETURN          reduce using rule 29 (declarator -> ID LPAREN NUMBER RPAREN .)
    ID              reduce using rule 29 (declarator -> ID LPAREN NUMBER RPAREN .)
    RPAREN          reduce using rule 29 (declarator -> ID LPAREN NUMBER RPAREN .)


state 131

    (32) varref_list -> varref_list COMMA . varref
    (34) varref -> . ID
    (35) varref -> . ID LPAREN expression_list RPAREN

    ID              shift and go to state 6

    varref                         shift and go to state 144

state 132

    (43) call_stmt -> CALL ID LPAREN empty RPAREN .

    END             reduce using rule 43 (call_stmt -> CALL ID LPAREN empty RPAREN .)
    PRINT           reduce using rule 43 (call_stmt -> CALL ID LPAREN empty RPAREN .)
    READ            reduce using rule 43 (call_stmt -> CALL ID LPAREN empty RPAREN .)
    CALL            reduce using rule 43 (call_stmt -> CALL ID LPAREN empty RPAREN .)
    IF              reduce using rule 43 (call_stmt -> CALL ID LPAREN empty RPAREN .)
    DO              reduce using rule 43 (call_stmt -> CALL ID LPAREN empty RPAREN .)
    GOTO            reduce using rule 43 (call_stmt -> CALL ID LPAREN empty RPAREN .)
    NUMBER          reduce using rule 43 (call_stmt -> CALL ID LPAREN empty RPAREN .)
    CONTINUE        reduce using rule 43 (call_stmt -> CALL ID LPAREN empty RPAREN .)
    RETURN          reduce using rule 43 (call_stmt -> CALL ID LPAREN empty RPAREN .)
    ID              reduce using rule 43 (call_stmt -> CALL ID LPAREN empty RPAREN .)
    ELSE            reduce using rule 43 (call_stmt -> CALL ID LPAREN empty RPAREN .)
    ENDIF           reduce using rule 43 (call_stmt -> CALL ID LPAREN empty RPAREN .)


state 133

    (44) call_stmt -> CALL ID LPAREN expression_list RPAREN .

    END             reduce using rule 44 (call_stmt -> CALL ID LPAREN expression_list RPAREN .)
    PRINT           reduce using rule 44 (call_stmt -> CALL ID LPAREN expression_list RPAREN .)
    READ            reduce using rule 44 (call_stmt -> CALL ID LPAREN expression_list RPAREN .)
    CALL            reduce using rule 44 (call_stmt -> CALL ID LPAREN expression_list RPAREN .)
    IF              reduce using rule 44 (call_stmt -> CALL ID LPAREN expression_list RPAREN .)
    DO              reduce using rule 44 (call_stmt -> CALL ID LPAREN expression_list RPAREN .)
    GOTO            reduce using rule 44 (call_stmt -> CALL ID LPAREN expression_list RPAREN .)
    NUMBER          reduce using rule 44 (call_stmt -> CALL ID LPAREN expression_list RPAREN .)
    CONTINUE        reduce using rule 44 (call_stmt -> CALL ID LPAREN expression_list RPAREN .)
    RETURN          reduce using rule 44 (call_stmt -> CALL ID LPAREN expression_list RPAREN .)
    ID              reduce using rule 44 (call_stmt -> CALL ID LPAREN expression_list RPAREN .)
    ELSE            reduce using rule 44 (call_stmt -> CALL ID LPAREN expression_list RPAREN .)
    ENDIF           reduce using rule 44 (call_stmt -> CALL ID LPAREN expression_list RPAREN .)


state 134

    (45) if_stmt -> IF LPAREN expression RPAREN THEN . statements endif
    (46) if_stmt -> IF LPAREN expression RPAREN THEN . statements ELSE statements endif
    (7) statements -> . statements statement
    (8) statements -> . statement
    (9) statement -> . assignment
    (10) statement -> . print_stmt
    (11) statement -> . read_stmt
    (12) statement -> . call_stmt
    (13) statement -> . if_stmt
    (14) statement -> . do_stmt
    (15) statement -> . goto_stmt
    (16) statement -> . label_stmt
    (17) statement -> . continue_stmt
    (18) statement -> . return_stmt
    (38) assignment -> . varref EQUALS expression
    (30) print_stmt -> . PRINT TIMES COMMA expression_list
    (31) read_stmt -> . READ TIMES COMMA varref_list
    (43) call_stmt -> . CALL ID LPAREN empty RPAREN
    (44) call_stmt -> . CALL ID LPAREN expression_list RPAREN
    (45) if_stmt -> . IF LPAREN expression RPAREN THEN statements endif
    (46) if_stmt -> . IF LPAREN expression RPAREN THEN statements ELSE statements endif
    (49) do_stmt -> . DO NUMBER ID EQUALS expression COMMA expression
    (50) do_stmt -> . DO NUMBER ID EQUALS expression COMMA expression COMMA expression
    (39) goto_stmt -> . GOTO NUMBER
    (40) label_stmt -> . NUMBER statement
    (41) continue_stmt -> . CONTINUE
    (42) return_stmt -> . RETURN
    (34) varref -> . ID
    (35) varref -> . ID LPAREN expression_list RPAREN

    PRINT           shift and go to state 25
    READ            shift and go to state 26
    CALL            shift and go to state 27
    IF              shift and go to state 28
    DO              shift and go to state 29
    GOTO            shift and go to state 31
    NUMBER          shift and go to state 30
    CONTINUE        shift and go to state 32
    RETURN          shift and go to state 33
    ID              shift and go to state 6

    statements                     shift and go to state 145
    statement                      shift and go to state 9
    assignment                     shift and go to state 11
    print_stmt                     shift and go to state 12
    read_stmt                      shift and go to state 13
    call_stmt                      shift and go to state 14
    if_stmt                        shift and go to state 15
    do_stmt                        shift and go to state 16
    goto_stmt                      shift and go to state 17
    label_stmt                     shift and go to state 18
    continue_stmt                  shift and go to state 19
    return_stmt                    shift and go to state 20
    varref                         shift and go to state 24

state 135

    (49) do_stmt -> DO NUMBER ID EQUALS expression . COMMA expression
    (50) do_stmt -> DO NUMBER ID EQUALS expression . COMMA expression COMMA expression
    (60) expression -> expression . PLUS expression
    (61) expression -> expression . MINUS expression
    (62) expression -> expression . TIMES expression
    (63) expression -> expression . DIVIDE expression
    (64) expression -> expression . POWER expression
    (65) expression -> expression . EQ expression
    (66) expression -> expression . NE expression
    (67) expression -> expression . LT expression
    (68) expression -> expression . LE expression
    (69) expression -> expression . GT expression
    (70) expression -> expression . GE expression
    (71) expression -> expression . AND expression
    (72) expression -> expression . OR expression

    COMMA           shift and go to state 146
    PLUS            shift and go to state 80
    MINUS           shift and go to state 81
    TIMES           shift and go to state 82
    DIVIDE          shift and go to state 83
    POWER           shift and go to state 84
    EQ              shift and go to state 85
    NE              shift and go to state 86
    LT              shift and go to state 87
    LE              shift and go to state 88
    GT              shift and go to state 89
    GE              shift and go to state 90
    AND             shift and go to state 91
    OR              shift and go to state 92


state 136

    (77) expression -> ID LPAREN expression_list RPAREN .

    PLUS            reduce using rule 77 (expression -> ID LPAREN expression_list RPAREN .)
    MINUS           reduce using rule 77 (expression -> ID LPAREN expression_list RPAREN .)
    TIMES           reduce using rule 77 (expression -> ID LPAREN expression_list RPAREN .)
    DIVIDE          reduce using rule 77 (expression -> ID LPAREN expression_list RPAREN .)
    POWER           reduce using rule 77 (expression -> ID LPAREN expression_list RPAREN .)
    EQ              reduce using rule 77 (expression -> ID LPAREN expression_list RPAREN .)
    NE              reduce using rule 77 (expression -> ID LPAREN expression_list RPAREN .)
    LT              reduce using rule 77 (expression -> ID LPAREN expression_list RPAREN .)
    LE              reduce using rule 77 (expression -> ID LPAREN expression_list RPAREN .)
    GT              reduce using rule 77 (expression -> ID LPAREN expression_list RPAREN .)
    GE              reduce using rule 77 (expression -> ID LPAREN expression_list RPAREN .)
    AND             reduce using rule 77 (expression -> ID LPAREN expression_list RPAREN .)
    OR              reduce using rule 77 (expression -> ID LPAREN expression_list RPAREN .)
    RPAREN          reduce using rule 77 (expression -> ID LPAREN expression_list RPAREN .)
    COMMA           reduce using rule 77 (expression -> ID LPAREN expression_list RPAREN .)
    END             reduce using rule 77 (expression -> ID LPAREN expression_list RPAREN .)
    PRINT           reduce using rule 77 (expression -> ID LPAREN expression_list RPAREN .)
    READ            reduce using rule 77 (expression -> ID LPAREN expression_list RPAREN .)
    CALL            reduce using rule 77 (expression -> ID LPAREN expression_list RPAREN .)
    IF              reduce using rule 77 (expression -> ID LPAREN expression_list RPAREN .)
    DO              reduce using rule 77 (expression -> ID LPAREN expression_list RPAREN .)
    GOTO            reduce using rule 77 (expression -> ID LPAREN expression_list RPAREN .)
    NUMBER          reduce using rule 77 (expression -> ID LPAREN expression_list RPAREN .)
    CONTINUE        reduce using rule 77 (expression -> ID LPAREN expression_list RPAREN .)
    RETURN          reduce using rule 77 (expression -> ID LPAREN expression_list RPAREN .)
    ID              reduce using rule 77 (expression -> ID LPAREN expression_list RPAREN .)
    ELSE            reduce using rule 77 (expression -> ID LPAREN expression_list RPAREN .)
    ENDIF           reduce using rule 77 (expression -> ID LPAREN expression_list RPAREN .)


state 137

    (78) expression -> REAL LPAREN expression_list RPAREN .

    PLUS            reduce using rule 78 (expression -> REAL LPAREN expression_list RPAREN .)
    MINUS           reduce using rule 78 (expression -> REAL LPAREN expression_list RPAREN .)
    TIMES           reduce using rule 78 (expression -> REAL LPAREN expression_list RPAREN .)
    DIVIDE          reduce using rule 78 (expression -> REAL LPAREN expression_list RPAREN .)
    POWER           reduce using rule 78 (expression -> REAL LPAREN expression_list RPAREN .)
    EQ              reduce using rule 78 (expression -> REAL LPAREN expression_list RPAREN .)
    NE              reduce using rule 78 (expression -> REAL LPAREN expression_list RPAREN .)
    LT              reduce using rule 78 (expression -> REAL LPAREN expression_list RPAREN .)
    LE              reduce using rule 78 (expression -> REAL LPAREN expression_list RPAREN .)
    GT              reduce using rule 78 (expression -> REAL LPAREN expression_list RPAREN .)
    GE              reduce using rule 78 (expression -> REAL LPAREN expression_list RPAREN .)
    AND             reduce using rule 78 (expression -> REAL LPAREN expression_list RPAREN .)
    OR              reduce using rule 78 (expression -> REAL LPAREN expression_list RPAREN .)
    RPAREN          reduce using rule 78 (expression -> REAL LPAREN expression_list RPAREN .)
    COMMA           reduce using rule 78 (expression -> REAL LPAREN expression_list RPAREN .)
    END             reduce using rule 78 (expression -> REAL LPAREN expression_list RPAREN .)
    PRINT           reduce using rule 78 (expression -> REAL LPAREN expression_list RPAREN .)
    READ            reduce using rule 78 (expression -> REAL LPAREN expression_list RPAREN .)
    CALL            reduce using rule 78 (expression -> REAL LPAREN expression_list RPAREN .)
    IF              reduce using rule 78 (expression -> REAL LPAREN expression_list RPAREN .)
    DO              reduce using rule 78 (expression -> REAL LPAREN expression_list RPAREN .)
    GOTO            reduce using rule 78 (expression -> REAL LPAREN expression_list RPAREN .)
    NUMBER          reduce using rule 78 (expression -> REAL LPAREN expression_list RPAREN .)
    CONTINUE        reduce using rule 78 (expression -> REAL LPAREN expression_list RPAREN .)
    RETURN          reduce using rule 78 (expression -> REAL LPAREN expression_list RPAREN .)
    ID              reduce using rule 78 (expression -> REAL LPAREN expression_list RPAREN .)
    ELSE            reduce using rule 78 (expression -> REAL LPAREN expression_list RPAREN .)
    ENDIF           reduce using rule 78 (expression -> REAL LPAREN expression_list RPAREN .)


state 138

    (79) expression -> INTEGER LPAREN expression_list RPAREN .

    PLUS            reduce using rule 79 (expression -> INTEGER LPAREN expression_list RPAREN .)
    MINUS           reduce using rule 79 (expression -> INTEGER LPAREN expression_list RPAREN .)
    TIMES           reduce using rule 79 (expression -> INTEGER LPAREN expression_list RPAREN .)
    DIVIDE          reduce using rule 79 (expression -> INTEGER LPAREN expression_list RPAREN .)
    POWER           reduce using rule 79 (expression -> INTEGER LPAREN expression_list RPAREN .)
    EQ              reduce using rule 79 (expression -> INTEGER LPAREN expression_list RPAREN .)
    NE              reduce using rule 79 (expression -> INTEGER LPAREN expression_list RPAREN .)
    LT              reduce using rule 79 (expression -> INTEGER LPAREN expression_list RPAREN .)
    LE              reduce using rule 79 (expression -> INTEGER LPAREN expression_list RPAREN .)
    GT              reduce using rule 79 (expression -> INTEGER LPAREN expression_list RPAREN .)
    GE              reduce using rule 79 (expression -> INTEGER LPAREN expression_list RPAREN .)
    AND             reduce using rule 79 (expression -> INTEGER LPAREN expression_list RPAREN .)
    OR              reduce using rule 79 (expression -> INTEGER LPAREN expression_list RPAREN .)
    RPAREN          reduce using rule 79 (expression -> INTEGER LPAREN expression_list RPAREN .)
    COMMA           reduce using rule 79 (expression -> INTEGER LPAREN expression_list RPAREN .)
    END             reduce using rule 79 (expression -> INTEGER LPAREN expression_list RPAREN .)
    PRINT           reduce using rule 79 (expression -> INTEGER LPAREN expression_list RPAREN .)
    READ            reduce using rule 79 (expression -> INTEGER LPAREN expression_list RPAREN .)
    CALL            reduce using rule 79 (expression -> INTEGER LPAREN expression_list RPAREN .)
    IF              reduce using rule 79 (expression -> INTEGER LPAREN expression_list RPAREN .)
    DO              reduce using rule 79 (expression -> INTEGER LPAREN expression_list RPAREN .)
    GOTO            reduce using rule 79 (expression -> INTEGER LPAREN expression_list RPAREN .)
    NUMBER          reduce using rule 79 (expression -> INTEGER LPAREN expression_list RPAREN .)
    CONTINUE        reduce using rule 79 (expression -> INTEGER LPAREN expression_list RPAREN .)
    RETURN          reduce using rule 79 (expression -> INTEGER LPAREN expression_list RPAREN .)
    ID              reduce using rule 79 (expression -> INTEGER LPAREN expression_list RPAREN .)
    ELSE            reduce using rule 79 (expression -> INTEGER LPAREN expression_list RPAREN .)
    ENDIF           reduce using rule 79 (expression -> INTEGER LPAREN expression_list RPAREN .)


state 139

    (51) function_def -> type FUNCTION ID LPAREN . param_list RPAREN declarations_opt function_items END
    (53) param_list -> . id_list
    (54) param_list -> . empty
    (27) id_list -> . declarator_list
    (2) empty -> .
    (25) declarator_list -> . declarator_list COMMA declarator
    (26) declarator_list -> . declarator
    (28) declarator -> . ID
    (29) declarator -> . ID LPAREN NUMBER RPAREN

    RPAREN          reduce using rule 2 (empty -> .)
    ID              shift and go to state 39

    param_list                     shift and go to state 147
    id_list                        shift and go to state 141
    empty                          shift and go to state 142
    declarator_list                shift and go to state 143
    declarator                     shift and go to state 38

state 140

    (52) subroutine_def -> SUBROUTINE ID LPAREN param_list . RPAREN declarations_opt function_items END

    RPAREN          shift and go to state 148


state 141

    (53) param_list -> id_list .

    RPAREN          reduce using rule 53 (param_list -> id_list .)


state 142

    (54) param_list -> empty .

    RPAREN          reduce using rule 54 (param_list -> empty .)


state 143

    (27) id_list -> declarator_list .
    (25) declarator_list -> declarator_list . COMMA declarator

    RPAREN          reduce using rule 27 (id_list -> declarator_list .)
    COMMA           shift and go to state 68


state 144

    (32) varref_list -> varref_list COMMA varref .

    COMMA           reduce using rule 32 (varref_list -> varref_list COMMA varref .)
    END             reduce using rule 32 (varref_list -> varref_list COMMA varref .)
    PRINT           reduce using rule 32 (varref_list -> varref_list COMMA varref .)
    READ            reduce using rule 32 (varref_list -> varref_list COMMA varref .)
    CALL            reduce using rule 32 (varref_list -> varref_list COMMA varref .)
    IF              reduce using rule 32 (varref_list -> varref_list COMMA varref .)
    DO              reduce using rule 32 (varref_list -> varref_list COMMA varref .)
    GOTO            reduce using rule 32 (varref_list -> varref_list COMMA varref .)
    NUMBER          reduce using rule 32 (varref_list -> varref_list COMMA varref .)
    CONTINUE        reduce using rule 32 (varref_list -> varref_list COMMA varref .)
    RETURN          reduce using rule 32 (varref_list -> varref_list COMMA varref .)
    ID              reduce using rule 32 (varref_list -> varref_list COMMA varref .)
    ELSE            reduce using rule 32 (varref_list -> varref_list COMMA varref .)
    ENDIF           reduce using rule 32 (varref_list -> varref_list COMMA varref .)


state 145

    (45) if_stmt -> IF LPAREN expression RPAREN THEN statements . endif
    (46) if_stmt -> IF LPAREN expression RPAREN THEN statements . ELSE statements endif
    (7) statements -> statements . statement
    (47) endif -> . ENDIF
    (48) endif -> . END
    (9) statement -> . assignment
    (10) statement -> . print_stmt
    (11) statement -> . read_stmt
    (12) statement -> . call_stmt
    (13) statement -> . if_stmt
    (14) statement -> . do_stmt
    (15) statement -> . goto_stmt
    (16) statement -> . label_stmt
    (17) statement -> . continue_stmt
    (18) statement -> . return_stmt
    (38) assignment -> . varref EQUALS expression
    (30) print_stmt -> . PRINT TIMES COMMA expression_list
    (31) read_stmt -> . READ TIMES COMMA varref_list
    (43) call_stmt -> . CALL ID LPAREN empty RPAREN
    (44) call_stmt -> . CALL ID LPAREN expression_list RPAREN
    (45) if_stmt -> . IF LPAREN expression RPAREN THEN statements endif
    (46) if_stmt -> . IF LPAREN expression RPAREN THEN statements ELSE statements endif
    (49) do_stmt -> . DO NUMBER ID EQUALS expression COMMA expression
    (50) do_stmt -> . DO NUMBER ID EQUALS expression COMMA expression COMMA expression
    (39) goto_stmt -> . GOTO NUMBER
    (40) label_stmt -> . NUMBER statement
    (41) continue_stmt -> . CONTINUE
    (42) return_stmt -> . RETURN
    (34) varref -> . ID
    (35) varref -> . ID LPAREN expression_list RPAREN

    ELSE            shift and go to state 150
    ENDIF           shift and go to state 151
    END             shift and go to state 152
    PRINT           shift and go to state 25
    READ            shift and go to state 26
    CALL            shift and go to state 27
    IF              shift and go to state 28
    DO              shift and go to state 29
    GOTO            shift and go to state 31
    NUMBER          shift and go to state 30
    CONTINUE        shift and go to state 32
    RETURN          shift and go to state 33
    ID              shift and go to state 6

    endif                          shift and go to state 149
    statement                      shift and go to state 36
    assignment                     shift and go to state 11
    print_stmt                     shift and go to state 12
    read_stmt                      shift and go to state 13
    call_stmt                      shift and go to state 14
    if_stmt                        shift and go to state 15
    do_stmt                        shift and go to state 16
    goto_stmt                      shift and go to state 17
    label_stmt                     shift and go to state 18
    continue_stmt                  shift and go to state 19
    return_stmt                    shift and go to state 20
    varref                         shift and go to state 24

state 146

    (49) do_stmt -> DO NUMBER ID EQUALS expression COMMA . expression
    (50) do_stmt -> DO NUMBER ID EQUALS expression COMMA . expression COMMA expression
    (60) expression -> . expression PLUS expression
    (61) expression -> . expression MINUS expression
    (62) expression -> . expression TIMES expression
    (63) expression -> . expression DIVIDE expression
    (64) expression -> . expression POWER expression
    (65) expression -> . expression EQ expression
    (66) expression -> . expression NE expression
    (67) expression -> . expression LT expression
    (68) expression -> . expression LE expression
    (69) expression -> . expression GT expression
    (70) expression -> . expression GE expression
    (71) expression -> . expression AND expression
    (72) expression -> . expression OR expression
    (73) expression -> . MINUS expression
    (74) expression -> . NOT expression
    (75) expression -> . LPAREN expression RPAREN
    (76) expression -> . ID
    (77) expression -> . ID LPAREN expression_list RPAREN
    (78) expression -> . REAL LPAREN expression_list RPAREN
    (79) expression -> . INTEGER LPAREN expression_list RPAREN
    (80) expression -> . literal
    (81) literal -> . NUMBER
    (82) literal -> . STRING
    (83) literal -> . TRUE
    (84) literal -> . FALSE

    MINUS           shift and go to state 52
    NOT             shift and go to state 53
    LPAREN          shift and go to state 49
    ID              shift and go to state 48
    REAL            shift and go to state 54
    INTEGER         shift and go to state 55
    NUMBER          shift and go to state 57
    STRING          shift and go to state 58
    TRUE            shift and go to state 59
    FALSE           shift and go to state 60

    expression                     shift and go to state 153
    literal                        shift and go to state 56

state 147

    (51) function_def -> type FUNCTION ID LPAREN param_list . RPAREN declarations_opt function_items END

    RPAREN          shift and go to state 154


state 148

    (52) subroutine_def -> SUBROUTINE ID LPAREN param_list RPAREN . declarations_opt function_items END
    (19) declarations_opt -> . declarations_opt declaration
    (20) declarations_opt -> . empty
    (2) empty -> .

    INTEGER         reduce using rule 2 (empty -> .)
    REAL            reduce using rule 2 (empty -> .)
    LOGICAL         reduce using rule 2 (empty -> .)
    PRINT           reduce using rule 2 (empty -> .)
    READ            reduce using rule 2 (empty -> .)
    CALL            reduce using rule 2 (empty -> .)
    IF              reduce using rule 2 (empty -> .)
    DO              reduce using rule 2 (empty -> .)
    GOTO            reduce using rule 2 (empty -> .)
    NUMBER          reduce using rule 2 (empty -> .)
    CONTINUE        reduce using rule 2 (empty -> .)
    RETURN          reduce using rule 2 (empty -> .)
    ID              reduce using rule 2 (empty -> .)

    declarations_opt               shift and go to state 155
    empty                          shift and go to state 5

state 149

    (45) if_stmt -> IF LPAREN expression RPAREN THEN statements endif .

    END             reduce using rule 45 (if_stmt -> IF LPAREN expression RPAREN THEN statements endif .)
    PRINT           reduce using rule 45 (if_stmt -> IF LPAREN expression RPAREN THEN statements endif .)
    READ            reduce using rule 45 (if_stmt -> IF LPAREN expression RPAREN THEN statements endif .)
    CALL            reduce using rule 45 (if_stmt -> IF LPAREN expression RPAREN THEN statements endif .)
    IF              reduce using rule 45 (if_stmt -> IF LPAREN expression RPAREN THEN statements endif .)
    DO              reduce using rule 45 (if_stmt -> IF LPAREN expression RPAREN THEN statements endif .)
    GOTO            reduce using rule 45 (if_stmt -> IF LPAREN expression RPAREN THEN statements endif .)
    NUMBER          reduce using rule 45 (if_stmt -> IF LPAREN expression RPAREN THEN statements endif .)
    CONTINUE        reduce using rule 45 (if_stmt -> IF LPAREN expression RPAREN THEN statements endif .)
    RETURN          reduce using rule 45 (if_stmt -> IF LPAREN expression RPAREN THEN statements endif .)
    ID              reduce using rule 45 (if_stmt -> IF LPAREN expression RPAREN THEN statements endif .)
    ELSE            reduce using rule 45 (if_stmt -> IF LPAREN expression RPAREN THEN statements endif .)
    ENDIF           reduce using rule 45 (if_stmt -> IF LPAREN expression RPAREN THEN statements endif .)


state 150

    (46) if_stmt -> IF LPAREN expression RPAREN THEN statements ELSE . statements endif
    (7) statements -> . statements statement
    (8) statements -> . statement
    (9) statement -> . assignment
    (10) statement -> . print_stmt
    (11) statement -> . read_stmt
    (12) statement -> . call_stmt
    (13) statement -> . if_stmt
    (14) statement -> . do_stmt
    (15) statement -> . goto_stmt
    (16) statement -> . label_stmt
    (17) statement -> . continue_stmt
    (18) statement -> . return_stmt
    (38) assignment -> . varref EQUALS expression
    (30) print_stmt -> . PRINT TIMES COMMA expression_list
    (31) read_stmt -> . READ TIMES COMMA varref_list
    (43) call_stmt -> . CALL ID LPAREN empty RPAREN
    (44) call_stmt -> . CALL ID LPAREN expression_list RPAREN
    (45) if_stmt -> . IF LPAREN expression RPAREN THEN statements endif
    (46) if_stmt -> . IF LPAREN expression RPAREN THEN statements ELSE statements endif
    (49) do_stmt -> . DO NUMBER ID EQUALS expression COMMA expression
    (50) do_stmt -> . DO NUMBER ID EQUALS expression COMMA expression COMMA expression
    (39) goto_stmt -> . GOTO NUMBER
    (40) label_stmt -> . NUMBER statement
    (41) continue_stmt -> . CONTINUE
    (42) return_stmt -> . RETURN
    (34) varref -> . ID
    (35) varref -> . ID LPAREN expression_list RPAREN

    PRINT           shift and go to state 25
    READ            shift and go to state 26
    CALL            shift and go to state 27
    IF              shift and go to state 28
    DO              shift and go to state 29
    GOTO            shift and go to state 31
    NUMBER          shift and go to state 30
    CONTINUE        shift and go to state 32
    RETURN          shift and go to state 33
    ID              shift and go to state 6

    statements                     shift and go to state 156
    statement                      shift and go to state 9
    assignment                     shift and go to state 11
    print_stmt                     shift and go to state 12
    read_stmt                      shift and go to state 13
    call_stmt                      shift and go to state 14
    if_stmt                        shift and go to state 15
    do_stmt                        shift and go to state 16
    goto_stmt                      shift and go to state 17
    label_stmt                     shift and go to state 18
    continue_stmt                  shift and go to state 19
    return_stmt                    shift and go to state 20
    varref                         shift and go to state 24

state 151

    (47) endif -> ENDIF .

    END             reduce using rule 47 (endif -> ENDIF .)
    PRINT           reduce using rule 47 (endif -> ENDIF .)
    READ            reduce using rule 47 (endif -> ENDIF .)
    CALL            reduce using rule 47 (endif -> ENDIF .)
    IF              reduce using rule 47 (endif -> ENDIF .)
    DO              reduce using rule 47 (endif -> ENDIF .)
    GOTO            reduce using rule 47 (endif -> ENDIF .)
    NUMBER          reduce using rule 47 (endif -> ENDIF .)
    CONTINUE        reduce using rule 47 (endif -> ENDIF .)
    RETURN          reduce using rule 47 (endif -> ENDIF .)
    ID              reduce using rule 47 (endif -> ENDIF .)
    ELSE            reduce using rule 47 (endif -> ENDIF .)
    ENDIF           reduce using rule 47 (endif -> ENDIF .)


state 152

    (48) endif -> END .

    END             reduce using rule 48 (endif -> END .)
    PRINT           reduce using rule 48 (endif -> END .)
    READ            reduce using rule 48 (endif -> END .)
    CALL            reduce using rule 48 (endif -> END .)
    IF              reduce using rule 48 (endif -> END .)
    DO              reduce using rule 48 (endif -> END .)
    GOTO            reduce using rule 48 (endif -> END .)
    NUMBER          reduce using rule 48 (endif -> END .)
    CONTINUE        reduce using rule 48 (endif -> END .)
    RETURN          reduce using rule 48 (endif -> END .)
    ID              reduce using rule 48 (endif -> END .)
    ELSE            reduce using rule 48 (endif -> END .)
    ENDIF           reduce using rule 48 (endif -> END .)


state 153

    (49) do_stmt -> DO NUMBER ID EQUALS expression COMMA expression .
    (50) do_stmt -> DO NUMBER ID EQUALS expression COMMA expression . COMMA expression
    (60) expression -> expression . PLUS expression
    (61) expression -> expression . MINUS expression
    (62) expression -> expression . TIMES expression
    (63) expression -> expression . DIVIDE expression
    (64) expression -> expression . POWER expression
    (65) expression -> expression . EQ expression
    (66) expression -> expression . NE expression
    (67) expression -> expression . LT expression
    (68) expression -> expression . LE expression
    (69) expression -> expression . GT expression
    (70) expression -> expression . GE expression
    (71) expression -> expression . AND expression
    (72) expression -> expression . OR expression

    END             reduce using rule 49 (do_stmt -> DO NUMBER ID EQUALS expression COMMA expression .)
    PRINT           reduce using rule 49 (do_stmt -> DO NUMBER ID EQUALS expression COMMA expression .)
    READ            reduce using rule 49 (do_stmt -> DO NUMBER ID EQUALS expression COMMA expression .)
    CALL            reduce using rule 49 (do_stmt -> DO NUMBER ID EQUALS expression COMMA expression .)
    IF              reduce using rule 49 (do_stmt -> DO NUMBER ID EQUALS expression COMMA expression .)
    DO              reduce using rule 49 (do_stmt -> DO NUMBER ID EQUALS expression COMMA expression .)
    GOTO            reduce using rule 49 (do_stmt -> DO NUMBER ID EQUALS expression COMMA expression .)
    NUMBER          reduce using rule 49 (do_stmt -> DO NUMBER ID EQUALS expression COMMA expression .)
    CONTINUE        reduce using rule 49 (do_stmt -> DO NUMBER ID EQUALS expression COMMA expression .)
    RETURN          reduce using rule 49 (do_stmt -> DO NUMBER ID EQUALS expression COMMA expression .)
    ID              reduce using rule 49 (do_stmt -> DO NUMBER ID EQUALS expression COMMA expression .)
    ELSE            reduce using rule 49 (do_stmt -> DO NUMBER ID EQUALS expression COMMA expression .)
    ENDIF           reduce using rule 49 (do_stmt -> DO NUMBER ID EQUALS expression COMMA expression .)
    COMMA           shift and go to state 157
    PLUS            shift and go to state 80
    MINUS           shift and go to state 81
    TIMES           shift and go to state 82
    DIVIDE          shift and go to state 83
    POWER           shift and go to state 84
    EQ              shift and go to state 85
    NE              shift and go to state 86
    LT              shift and go to state 87
    LE              shift and go to state 88
    GT              shift and go to state 89
    GE              shift and go to state 90
    AND             shift and go to state 91
    OR              shift and go to state 92


state 154

    (51) function_def -> type FUNCTION ID LPAREN param_list RPAREN . declarations_opt function_items END
    (19) declarations_opt -> . declarations_opt declaration
    (20) declarations_opt -> . empty
    (2) empty -> .

    INTEGER         reduce using rule 2 (empty -> .)
    REAL            reduce using rule 2 (empty -> .)
    LOGICAL         reduce using rule 2 (empty -> .)
    PRINT           reduce using rule 2 (empty -> .)
    READ            reduce using rule 2 (empty -> .)
    CALL            reduce using rule 2 (empty -> .)
    IF              reduce using rule 2 (empty -> .)
    DO              reduce using rule 2 (empty -> .)
    GOTO            reduce using rule 2 (empty -> .)
    NUMBER          reduce using rule 2 (empty -> .)
    CONTINUE        reduce using rule 2 (empty -> .)
    RETURN          reduce using rule 2 (empty -> .)
    ID              reduce using rule 2 (empty -> .)

    declarations_opt               shift and go to state 158
    empty                          shift and go to state 5

state 155

    (52) subroutine_def -> SUBROUTINE ID LPAREN param_list RPAREN declarations_opt . function_items END
    (19) declarations_opt -> declarations_opt . declaration
    (55) function_items -> . function_items function_item
    (56) function_items -> . function_item
    (21) declaration -> . type declarator_list
    (59) function_item -> . statement
    (22) type -> . INTEGER
    (23) type -> . REAL
    (24) type -> . LOGICAL
    (9) statement -> . assignment
    (10) statement -> . print_stmt
    (11) statement -> . read_stmt
    (12) statement -> . call_stmt
    (13) statement -> . if_stmt
    (14) statement -> . do_stmt
    (15) statement -> . goto_stmt
    (16) statement -> . label_stmt
    (17) statement -> . continue_stmt
    (18) statement -> . return_stmt
    (38) assignment -> . varref EQUALS expression
    (30) print_stmt -> . PRINT TIMES COMMA expression_list
    (31) read_stmt -> . READ TIMES COMMA varref_list
    (43) call_stmt -> . CALL ID LPAREN empty RPAREN
    (44) call_stmt -> . CALL ID LPAREN expression_list RPAREN
    (45) if_stmt -> . IF LPAREN expression RPAREN THEN statements endif
    (46) if_stmt -> . IF LPAREN expression RPAREN THEN statements ELSE statements endif
    (49) do_stmt -> . DO NUMBER ID EQUALS expression COMMA expression
    (50) do_stmt -> . DO NUMBER ID EQUALS expression COMMA expression COMMA expression
    (39) goto_stmt -> . GOTO NUMBER
    (40) label_stmt -> . NUMBER statement
    (41) continue_stmt -> . CONTINUE
    (42) return_stmt -> . RETURN
    (34) varref -> . ID
    (35) varref -> . ID LPAREN expression_list RPAREN

    INTEGER         shift and go to state 21
    REAL            shift and go to state 22
    LOGICAL         shift and go to state 23
    PRINT           shift and go to state 25
    READ            shift and go to state 26
    CALL            shift and go to state 27
    IF              shift and go to state 28
    DO              shift and go to state 29
    GOTO            shift and go to state 31
    NUMBER          shift and go to state 30
    CONTINUE        shift and go to state 32
    RETURN          shift and go to state 33
    ID              shift and go to state 6

    function_items                 shift and go to state 159
    declaration                    shift and go to state 8
    function_item                  shift and go to state 160
    type                           shift and go to state 10
    statement                      shift and go to state 161
    assignment                     shift and go to state 11
    print_stmt                     shift and go to state 12
    read_stmt                      shift and go to state 13
    call_stmt                      shift and go to state 14
    if_stmt                        shift and go to state 15
    do_stmt                        shift and go to state 16
    goto_stmt                      shift and go to state 17
    label_stmt                     shift and go to state 18
    continue_stmt                  shift and go to state 19
    return_stmt                    shift and go to state 20
    varref                         shift and go to state 24

state 156

    (46) if_stmt -> IF LPAREN expression RPAREN THEN statements ELSE statements . endif
    (7) statements -> statements . statement
    (47) endif -> . ENDIF
    (48) endif -> . END
    (9) statement -> . assignment
    (10) statement -> . print_stmt
    (11) statement -> . read_stmt
    (12) statement -> . call_stmt
    (13) statement -> . if_stmt
    (14) statement -> . do_stmt
    (15) statement -> . goto_stmt
    (16) statement -> . label_stmt
    (17) statement -> . continue_stmt
    (18) statement -> . return_stmt
    (38) assignment -> . varref EQUALS expression
    (30) print_stmt -> . PRINT TIMES COMMA expression_list
    (31) read_stmt -> . READ TIMES COMMA varref_list
    (43) call_stmt -> . CALL ID LPAREN empty RPAREN
    (44) call_stmt -> . CALL ID LPAREN expression_list RPAREN
    (45) if_stmt -> . IF LPAREN expression RPAREN THEN statements endif
    (46) if_stmt -> . IF LPAREN expression RPAREN THEN statements ELSE statements endif
    (49) do_stmt -> . DO NUMBER ID EQUALS expression COMMA expression
    (50) do_stmt -> . DO NUMBER ID EQUALS expression COMMA expression COMMA expression
    (39) goto_stmt -> . GOTO NUMBER
    (40) label_stmt -> . NUMBER statement
    (41) continue_stmt -> . CONTINUE
    (42) return_stmt -> . RETURN
    (34) varref -> . ID
    (35) varref -> . ID LPAREN expression_list RPAREN

    ENDIF           shift and go to state 151
    END             shift and go to state 152
    PRINT           shift and go to state 25
    READ            shift and go to state 26
    CALL            shift and go to state 27
    IF              shift and go to state 28
    DO              shift and go to state 29
    GOTO            shift and go to state 31
    NUMBER          shift and go to state 30
    CONTINUE        shift and go to state 32
    RETURN          shift and go to state 33
    ID              shift and go to state 6

    endif                          shift and go to state 162
    statement                      shift and go to state 36
    assignment                     shift and go to state 11
    print_stmt                     shift and go to state 12
    read_stmt                      shift and go to state 13
    call_stmt                      shift and go to state 14
    if_stmt                        shift and go to state 15
    do_stmt                        shift and go to state 16
    goto_stmt                      shift and go to state 17
    label_stmt                     shift and go to state 18
    continue_stmt                  shift and go to state 19
    return_stmt                    shift and go to state 20
    varref                         shift and go to state 24

state 157

    (50) do_stmt -> DO NUMBER ID EQUALS expression COMMA expression COMMA . expression
    (60) expression -> . expression PLUS expression
    (61) expression -> . expression MINUS expression
    (62) expression -> . expression TIMES expression
    (63) expression -> . expression DIVIDE expression
    (64) expression -> . expression POWER expression
    (65) expression -> . expression EQ expression
    (66) expression -> . expression NE expression
    (67) expression -> . expression LT expression
    (68) expression -> . expression LE expression
    (69) expression -> . expression GT expression
    (70) expression -> . expression GE expression
    (71) expression -> . expression AND expression
    (72) expression -> . expression OR expression
    (73) expression -> . MINUS expression
    (74) expression -> . NOT expression
    (75) expression -> . LPAREN expression RPAREN
    (76) expression -> . ID
    (77) expression -> . ID LPAREN expression_list RPAREN
    (78) expression -> . REAL LPAREN expression_list RPAREN
    (79) expression -> . INTEGER LPAREN expression_list RPAREN
    (80) expression -> . literal
    (81) literal -> . NUMBER
    (82) literal -> . STRING
    (83) literal -> . TRUE
    (84) literal -> . FALSE

    MINUS           shift and go to state 52
    NOT             shift and go to state 53
    LPAREN          shift and go to state 49
    ID              shift and go to state 48
    REAL            shift and go to state 54
    INTEGER         shift and go to state 55
    NUMBER          shift and go to state 57
    STRING          shift and go to state 58
    TRUE            shift and go to state 59
    FALSE           shift and go to state 60

    expression                     shift and go to state 163
    literal                        shift and go to state 56

state 158

    (51) function_def -> type FUNCTION ID LPAREN param_list RPAREN declarations_opt . function_items END
    (19) declarations_opt -> declarations_opt . declaration
    (55) function_items -> . function_items function_item
    (56) function_items -> . function_item
    (21) declaration -> . type declarator_list
    (59) function_item -> . statement
    (22) type -> . INTEGER
    (23) type -> . REAL
    (24) type -> . LOGICAL
    (9) statement -> . assignment
    (10) statement -> . print_stmt
    (11) statement -> . read_stmt
    (12) statement -> . call_stmt
    (13) statement -> . if_stmt
    (14) statement -> . do_stmt
    (15) statement -> . goto_stmt
    (16) statement -> . label_stmt
    (17) statement -> . continue_stmt
    (18) statement -> . return_stmt
    (38) assignment -> . varref EQUALS expression
    (30) print_stmt -> . PRINT TIMES COMMA expression_list
    (31) read_stmt -> . READ TIMES COMMA varref_list
    (43) call_stmt -> . CALL ID LPAREN empty RPAREN
    (44) call_stmt -> . CALL ID LPAREN expression_list RPAREN
    (45) if_stmt -> . IF LPAREN expression RPAREN THEN statements endif
    (46) if_stmt -> . IF LPAREN expression RPAREN THEN statements ELSE statements endif
    (49) do_stmt -> . DO NUMBER ID EQUALS expression COMMA expression
    (50) do_stmt -> . DO NUMBER ID EQUALS expression COMMA expression COMMA expression
    (39) goto_stmt -> . GOTO NUMBER
    (40) label_stmt -> . NUMBER statement
    (41) continue_stmt -> . CONTINUE
    (42) return_stmt -> . RETURN
    (34) varref -> . ID
    (35) varref -> . ID LPAREN expression_list RPAREN

    INTEGER         shift and go to state 21
    REAL            shift and go to state 22
    LOGICAL         shift and go to state 23
    PRINT           shift and go to state 25
    READ            shift and go to state 26
    CALL            shift and go to state 27
    IF              shift and go to state 28
    DO              shift and go to state 29
    GOTO            shift and go to state 31
    NUMBER          shift and go to state 30
    CONTINUE        shift and go to state 32
    RETURN          shift and go to state 33
    ID              shift and go to state 6

    type                           shift and go to state 10
    function_items                 shift and go to state 164
    declaration                    shift and go to state 8
    function_item                  shift and go to state 160
    statement                      shift and go to state 161
    assignment                     shift and go to state 11
    print_stmt                     shift and go to state 12
    read_stmt                      shift and go to state 13
    call_stmt                      shift and go to state 14
    if_stmt                        shift and go to state 15
    do_stmt                        shift and go to state 16
    goto_stmt                      shift and go to state 17
    label_stmt                     shift and go to state 18
    continue_stmt                  shift and go to state 19
    return_stmt                    shift and go to state 20
    varref                         shift and go to state 24

state 159

    (52) subroutine_def -> SUBROUTINE ID LPAREN param_list RPAREN declarations_opt function_items . END
    (55) function_items -> function_items . function_item
    (59) function_item -> . statement
    (9) statement -> . assignment
    (10) statement -> . print_stmt
    (11) statement -> . read_stmt
    (12) statement -> . call_stmt
    (13) statement -> . if_stmt
    (14) statement -> . do_stmt
    (15) statement -> . goto_stmt
    (16) statement -> . label_stmt
    (17) statement -> . continue_stmt
    (18) statement -> . return_stmt
    (38) assignment -> . varref EQUALS expression
    (30) print_stmt -> . PRINT TIMES COMMA expression_list
    (31) read_stmt -> . READ TIMES COMMA varref_list
    (43) call_stmt -> . CALL ID LPAREN empty RPAREN
    (44) call_stmt -> . CALL ID LPAREN expression_list RPAREN
    (45) if_stmt -> . IF LPAREN expression RPAREN THEN statements endif
    (46) if_stmt -> . IF LPAREN expression RPAREN THEN statements ELSE statements endif
    (49) do_stmt -> . DO NUMBER ID EQUALS expression COMMA expression
    (50) do_stmt -> . DO NUMBER ID EQUALS expression COMMA expression COMMA expression
    (39) goto_stmt -> . GOTO NUMBER
    (40) label_stmt -> . NUMBER statement
    (41) continue_stmt -> . CONTINUE
    (42) return_stmt -> . RETURN
    (34) varref -> . ID
    (35) varref -> . ID LPAREN expression_list RPAREN

    END             shift and go to state 165
    PRINT           shift and go to state 25
    READ            shift and go to state 26
    CALL            shift and go to state 27
    IF              shift and go to state 28
    DO              shift and go to state 29
    GOTO            shift and go to state 31
    NUMBER          shift and go to state 30
    CONTINUE        shift and go to state 32
    RETURN          shift and go to state 33
    ID              shift and go to state 6

    function_item                  shift and go to state 166
    statement                      shift and go to state 161
    assignment                     shift and go to state 11
    print_stmt                     shift and go to state 12
    read_stmt                      shift and go to state 13
    call_stmt                      shift and go to state 14
    if_stmt                        shift and go to state 15
    do_stmt                        shift and go to state 16
    goto_stmt                      shift and go to state 17
    label_stmt                     shift and go to state 18
    continue_stmt                  shift and go to state 19
    return_stmt                    shift and go to state 20
    varref                         shift and go to state 24

state 160

    (56) function_items -> function_item .

    END             reduce using rule 56 (function_items -> function_item .)
    PRINT           reduce using rule 56 (function_items -> function_item .)
    READ            reduce using rule 56 (function_items -> function_item .)
    CALL            reduce using rule 56 (function_items -> function_item .)
    IF              reduce using rule 56 (function_items -> function_item .)
    DO              reduce using rule 56 (function_items -> function_item .)
    GOTO            reduce using rule 56 (function_items -> function_item .)
    NUMBER          reduce using rule 56 (function_items -> function_item .)
    CONTINUE        reduce using rule 56 (function_items -> function_item .)
    RETURN          reduce using rule 56 (function_items -> function_item .)
    ID              reduce using rule 56 (function_items -> function_item .)


state 161

    (59) function_item -> statement .

    END             reduce using rule 59 (function_item -> statement .)
    PRINT           reduce using rule 59 (function_item -> statement .)
    READ            reduce using rule 59 (function_item -> statement .)
    CALL            reduce using rule 59 (function_item -> statement .)
    IF              reduce using rule 59 (function_item -> statement .)
    DO              reduce using rule 59 (function_item -> statement .)
    GOTO            reduce using rule 59 (function_item -> statement .)
    NUMBER          reduce using rule 59 (function_item -> statement .)
    CONTINUE        reduce using rule 59 (function_item -> statement .)
    RETURN          reduce using rule 59 (function_item -> statement .)
    ID              reduce using rule 59 (function_item -> statement .)


state 162

    (46) if_stmt -> IF LPAREN expression RPAREN THEN statements ELSE statements endif .

    END             reduce using rule 46 (if_stmt -> IF LPAREN expression RPAREN THEN statements ELSE statements endif .)
    PRINT           reduce using rule 46 (if_stmt -> IF LPAREN expression RPAREN THEN statements ELSE statements endif .)
    READ            reduce using rule 46 (if_stmt -> IF LPAREN expression RPAREN THEN statements ELSE statements endif .)
    CALL            reduce using rule 46 (if_stmt -> IF LPAREN expression RPAREN THEN statements ELSE statements endif .)
    IF              reduce using rule 46 (if_stmt -> IF LPAREN expression RPAREN THEN statements ELSE statements endif .)
    DO              reduce using rule 46 (if_stmt -> IF LPAREN expression RPAREN THEN statements ELSE statements endif .)
    GOTO            reduce using rule 46 (if_stmt -> IF LPAREN expression RPAREN THEN statements ELSE statements endif .)
    NUMBER          reduce using rule 46 (if_stmt -> IF LPAREN expression RPAREN THEN statements ELSE statements endif .)
    CONTINUE        reduce using rule 46 (if_stmt -> IF LPAREN expression RPAREN THEN statements ELSE statements endif .)
    RETURN          reduce using rule 46 (if_stmt -> IF LPAREN expression RPAREN THEN statements ELSE statements endif .)
    ID              reduce using rule 46 (if_stmt -> IF LPAREN expression RPAREN THEN statements ELSE statements endif .)
    ELSE            reduce using rule 46 (if_stmt -> IF LPAREN expression RPAREN THEN statements ELSE statements endif .)
    ENDIF           reduce using rule 46 (if_stmt -> IF LPAREN expression RPAREN THEN statements ELSE statements endif .)


state 163

    (50) do_stmt -> DO NUMBER ID EQUALS expression COMMA expression COMMA expression .
    (60) expression -> expression . PLUS expression
    (61) expression -> expression . MINUS expression
    (62) expression -> expression . TIMES expression
    (63) expression -> expression . DIVIDE expression
    (64) expression -> expression . POWER expression
    (65) expression -> expression . EQ expression
    (66) expression -> expression . NE expression
    (67) expression -> expression . LT expression
    (68) expression -> expression . LE expression
    (69) expression -> expression . GT expression
    (70) expression -> expression . GE expression
    (71) expression -> expression . AND expression
    (72) expression -> expression . OR expression

    END             reduce using rule 50 (do_stmt -> DO NUMBER ID EQUALS expression COMMA expression COMMA expression .)
    PRINT           reduce using rule 50 (do_stmt -> DO NUMBER ID EQUALS expression COMMA expression COMMA expression .)
    READ            reduce using rule 50 (do_stmt -> DO NUMBER ID EQUALS expression COMMA expression COMMA expression .)
    CALL            reduce using rule 50 (do_stmt -> DO NUMBER ID EQUALS expression COMMA expression COMMA expression .)
    IF              reduce using rule 50 (do_stmt -> DO NUMBER ID EQUALS expression COMMA expression COMMA expression .)
    DO              reduce using rule 50 (do_stmt -> DO NUMBER ID EQUALS expression COMMA expression COMMA expression .)
    GOTO            reduce using rule 50 (do_stmt -> DO NUMBER ID EQUALS expression COMMA expression COMMA expression .)
    NUMBER          reduce using rule 50 (do_stmt -> DO NUMBER ID EQUALS expression COMMA expression COMMA expression .)
    CONTINUE        reduce using rule 50 (do_stmt -> DO NUMBER ID EQUALS expression COMMA expression COMMA expression .)
    RETURN          reduce using rule 50 (do_stmt -> DO NUMBER ID EQUALS expression COMMA expression COMMA expression .)
    ID              reduce using rule 50 (do_stmt -> DO NUMBER ID EQUALS expression COMMA expression COMMA expression .)
    ELSE            reduce using rule 50 (do_stmt -> DO NUMBER ID EQUALS expression COMMA expression COMMA expression .)
    ENDIF           reduce using rule 50 (do_stmt -> DO NUMBER ID EQUALS expression COMMA expression COMMA expression .)
    PLUS            shift and go to state 80
    MINUS           shift and go to state 81
    TIMES           shift and go to state 82
    DIVIDE          shift and go to state 83
    POWER           shift and go to state 84
    EQ              shift and go to state 85
    NE              shift and go to state 86
    LT              shift and go to state 87
    LE              shift and go to state 88
    GT              shift and go to state 89
    GE              shift and go to state 90
    AND             shift and go to state 91
    OR              shift and go to state 92


state 164

    (51) function_def -> type FUNCTION ID LPAREN param_list RPAREN declarations_opt function_items . END
    (55) function_items -> function_items . function_item
    (59) function_item -> . statement
    (9) statement -> . assignment
    (10) statement -> . print_stmt
    (11) statement -> . read_stmt
    (12) statement -> . call_stmt
    (13) statement -> . if_stmt
    (14) statement -> . do_stmt
    (15) statement -> . goto_stmt
    (16) statement -> . label_stmt
    (17) statement -> . continue_stmt
    (18) statement -> . return_stmt
    (38) assignment -> . varref EQUALS expression
    (30) print_stmt -> . PRINT TIMES COMMA expression_list
    (31) read_stmt -> . READ TIMES COMMA varref_list
    (43) call_stmt -> . CALL ID LPAREN empty RPAREN
    (44) call_stmt -> . CALL ID LPAREN expression_list RPAREN
    (45) if_stmt -> . IF LPAREN expression RPAREN THEN statements endif
    (46) if_stmt -> . IF LPAREN expression RPAREN THEN statements ELSE statements endif
    (49) do_stmt -> . DO NUMBER ID EQUALS expression COMMA expression
    (50) do_stmt -> . DO NUMBER ID EQUALS expression COMMA expression COMMA expression
    (39) goto_stmt -> . GOTO NUMBER
    (40) label_stmt -> . NUMBER statement
    (41) continue_stmt -> . CONTINUE
    (42) return_stmt -> . RETURN
    (34) varref -> . ID
    (35) varref -> . ID LPAREN expression_list RPAREN

    END             shift and go to state 167
    PRINT           shift and go to state 25
    READ            shift and go to state 26
    CALL            shift and go to state 27
    IF              shift and go to state 28
    DO              shift and go to state 29
    GOTO            shift and go to state 31
    NUMBER          shift and go to state 30
    CONTINUE        shift and go to state 32
    RETURN          shift and go to state 33
    ID              shift and go to state 6

    function_item                  shift and go to state 166
    statement                      shift and go to state 161
    assignment                     shift and go to state 11
    print_stmt                     shift and go to state 12
    read_stmt                      shift and go to state 13
    call_stmt                      shift and go to state 14
    if_stmt                        shift and go to state 15
    do_stmt                        shift and go to state 16
    goto_stmt                      shift and go to state 17
    label_stmt                     shift and go to state 18
    continue_stmt                  shift and go to state 19
    return_stmt                    shift and go to state 20
    varref                         shift and go to state 24

state 165

    (52) subroutine_def -> SUBROUTINE ID LPAREN param_list RPAREN declarations_opt function_items END .

    SUBROUTINE      reduce using rule 52 (subroutine_def -> SUBROUTINE ID LPAREN param_list RPAREN declarations_opt function_items END .)
    INTEGER         reduce using rule 52 (subroutine_def -> SUBROUTINE ID LPAREN param_list RPAREN declarations_opt function_items END .)
    REAL            reduce using rule 52 (subroutine_def -> SUBROUTINE ID LPAREN param_list RPAREN declarations_opt function_items END .)
    LOGICAL         reduce using rule 52 (subroutine_def -> SUBROUTINE ID LPAREN param_list RPAREN declarations_opt function_items END .)
    $end            reduce using rule 52 (subroutine_def -> SUBROUTINE ID LPAREN param_list RPAREN declarations_opt function_items END .)


state 166

    (55) function_items -> function_items function_item .

    END             reduce using rule 55 (function_items -> function_items function_item .)
    PRINT           reduce using rule 55 (function_items -> function_items function_item .)
    READ            reduce using rule 55 (function_items -> function_items function_item .)
    CALL            reduce using rule 55 (function_items -> function_items function_item .)
    IF              reduce using rule 55 (function_items -> function_items function_item .)
    DO              reduce using rule 55 (function_items -> function_items function_item .)
    GOTO            reduce using rule 55 (function_items -> function_items function_item .)
    NUMBER          reduce using rule 55 (function_items -> function_items function_item .)
    CONTINUE        reduce using rule 55 (function_items -> function_items function_item .)
    RETURN          reduce using rule 55 (function_items -> function_items function_item .)
    ID              reduce using rule 55 (function_items -> function_items function_item .)


state 167

    (51) function_def -> type FUNCTION ID LPAREN param_list RPAREN declarations_opt function_items END .

    SUBROUTINE      reduce using rule 51 (function_def -> type FUNCTION ID LPAREN param_list RPAREN declarations_opt function_items END .)
    INTEGER         reduce using rule 51 (function_def -> type FUNCTION ID LPAREN param_list RPAREN declarations_opt function_items END .)
    REAL            reduce using rule 51 (function_def -> type FUNCTION ID LPAREN param_list RPAREN declarations_opt function_items END .)
    LOGICAL         reduce using rule 51 (function_def -> type FUNCTION ID LPAREN param_list RPAREN declarations_opt function_items END .)
    $end            reduce using rule 51 (function_def -> type FUNCTION ID LPAREN param_list RPAREN declarations_opt function_items END .)

